text,start,destination,start_surface,destination_surface,source_type,context_type,split
DMC역 에서 수서약 까지 제일 쉬운 길 알려줘,디지털미디어시티역,수서역,DMC역,수서약,all_noisy_station_surface,route_search,train
왕십리력 에서 가락시장역이 까지 제일 쉬운 길 알려줘,왕십리역,가락시장역,왕십리력,가락시장역이,all_noisy_station_surface,route_search,train
영등포 역 에서 노량진 역 까지 막차 끊겼나요,영등포역,노량진역,영등포 역,노량진 역,all_noisy_station_surface,last_train_check,train
도곡약 까지 가야 하는데 사당약 에서 어떻게 가요,사당역,도곡역,사당약,도곡약,all_noisy_station_surface,route_search,train
뚝섬역이 에서 사당에 까지 어떻게 가나요,뚝섬역,사당역,뚝섬역이,사당에,all_noisy_station_surface,route_search,train
사당 여기 에서 서울력 까지 택시 말고 가는 방법 있어,사당역,서울역,사당 여기,서울력,all_noisy_station_surface,alternative_route,train
녹사 평 에서 둔촌동역이 까지 제일 쉬운 길 알려줘,녹사평역,둔촌동역,녹사 평,둔촌동역이,all_noisy_station_surface,route_search,train
복정에 에서 문정력 까지 막차 끊겼으면 어떻게 가,복정역,문정역,복정에,문정력,all_noisy_station_surface,alternative_route,train
망원역이 에서 사당역이 까지 지하철 운행 중이야,망원역,사당역,망원역이,사당역이,all_noisy_station_surface,subway_availability_check,train
방이에 에서 장지에 까지 막차 끊겼나요,방이역,장지역,방이에,장지에,all_noisy_station_surface,last_train_check,train
까치산약 에서 미아사거리약 까지 지하철 운행 중이야,까치산역,미아사거리역,까치산약,미아사거리약,all_noisy_station_surface,subway_availability_check,train
동대문역사문화공원역이 에서 강동 여기 까지 마지막 지하철 있어,동대문역사문화공원역,강동역,동대문역사문화공원역이,강동 여기,all_noisy_station_surface,last_train_check,train
우장산에 에서 아현 역 까지 막차 남았어,우장산역,아현역,우장산에,아현 역,all_noisy_station_surface,last_train_check,train
명동 에서 이촌에 까지 지하철 없으면 버스로 갈 수 있어요,명동역,이촌역,명동,이촌에,all_noisy_station_surface,alternative_route,train
구파 발 에서 성수 역 까지 택시 말고 가는 방법 있어,구파발역,성수역,구파 발,성수 역,all_noisy_station_surface,alternative_route,train
신설동 에서 고속 터미널 까지 막차 남았어,신설동역,고속터미널역,신설동,고속 터미널,all_noisy_station_surface,last_train_check,train
독립 문역 에서 성수력 까지 가는 길 알려줘,독립문역,성수역,독립 문역,성수력,all_noisy_station_surface,route_search,train
청량리 역 에서 마곡에 까지 막차 끊겼나요,청량리역,마곡역,청량리 역,마곡에,all_noisy_station_surface,last_train_check,train
월드컵경기장력 에서 명동에 까지 막차 끊겼으면 어떻게 가,월드컵경기장역,명동역,월드컵경기장력,명동에,all_noisy_station_surface,alternative_route,train
학여울역이 에서 출발해서 강동약 까지 가고 싶어요,학여울역,강동역,학여울역이,강동약,all_noisy_station_surface,route_search,train
지금 서월역 에서 홍대입고 까지 막차 탈 수 있어,서울역,홍대입구역,서월역,홍대입고,all_noisy_station_surface,last_train_check,train
홍대입구 에서 숙대 입고 여기 까지 제일 쉬운 길 알려줘,홍대입구역,숙대입구역,홍대입구,숙대 입고 여기,all_noisy_station_surface,route_search,train
한강진 여기 에서 안국력 까지 택시 말고 가는 방법 있어,한강진역,안국역,한강진 여기,안국력,all_noisy_station_surface,alternative_route,train
천호 역 까지 가야 하는데 건대입구 여기 에서 어떻게 가요,건대입구역,천호역,건대입구 여기,천호 역,all_noisy_station_surface,route_search,train
서울 역 방향 막차 사당 역 에서 탈 수 있나요,사당역,서울역,사당 역,서울 역,all_noisy_station_surface,last_train_check,train
연신 내 에서 오목교역이 까지 가는 길 알려줘,연신내역,오목교역,연신 내,오목교역이,all_noisy_station_surface,route_search,train
혜화력 에서 홍대입구 여기 까지 다른 방법 알려줘,혜화역,홍대입구역,혜화력,홍대입구 여기,all_noisy_station_surface,alternative_route,train
강남 에서 숙대 입국역 까지 제일 쉬운 길 알려줘,강남역,숙대입구역,강남,숙대 입국역,all_noisy_station_surface,route_search,train
강동력 에서 상봉력 까지 택시 말고 가는 방법 있어,강동역,상봉역,강동력,상봉력,all_noisy_station_surface,alternative_route,train
회현 여기 에서 역삼역이 까지 지하철 운행 중이야,회현역,역삼역,회현 여기,역삼역이,all_noisy_station_surface,subway_availability_check,train
이태원에 에서 광화문 역 까지 지금 지하철 탈 수 있어,이태원역,광화문역,이태원에,광화문 역,all_noisy_station_surface,subway_availability_check,train
지금 홍대입구 여기 에서 숙대 이꾸역 까지 막차 탈 수 있어,홍대입구역,숙대입구역,홍대입구 여기,숙대 이꾸역,all_noisy_station_surface,last_train_check,train
이태원역이 에서 학여울에 까지 마지막 지하철 있어,이태원역,학여울역,이태원역이,학여울에,all_noisy_station_surface,last_train_check,train
안국 역 에서 압구정로데오 역 까지 막차 남았어,안국역,압구정로데오역,안국 역,압구정로데오 역,all_noisy_station_surface,last_train_check,train
구파발에 에서 방이역이 까지 지하철 운행 중이야,구파발역,방이역,구파발에,방이역이,all_noisy_station_surface,subway_availability_check,train
홍제 여기 에서 이태 원 까지 제일 쉬운 길 알려줘,홍제역,이태원역,홍제 여기,이태 원,all_noisy_station_surface,route_search,train
여의도 여기 부터 수유 여기 까지 대중교통 알려줘,여의도역,수유역,여의도 여기,수유 여기,all_noisy_station_surface,route_search,train
양재에 에서 마곡약 까지 막차 남았어,양재역,마곡역,양재에,마곡약,all_noisy_station_surface,last_train_check,train
시청 여기 에서 숙대 입고 여기 까지 제일 쉬운 길 알려줘,시청역,숙대입구역,시청 여기,숙대 입고 여기,all_noisy_station_surface,route_search,train
사당역이 에서 문정 여기 까지 막차 끊겼나요,사당역,문정역,사당역이,문정 여기,all_noisy_station_surface,last_train_check,train
삼성 역 에서 잠실 까지 제일 쉬운 길 알려줘,삼성역,잠실역,삼성 역,잠실,all_noisy_station_surface,route_search,train
지금 을지로입고 에서 서울 녁 까지 막차 탈 수 있어,을지로입구역,서울역,을지로입고,서울 녁,all_noisy_station_surface,last_train_check,train
시청 여기 에서 복정약 까지 제일 쉬운 길 알려줘,시청역,복정역,시청 여기,복정약,all_noisy_station_surface,route_search,train
수유 에서 문정 여기 까지 마지막 지하철 있어,수유역,문정역,수유,문정 여기,all_noisy_station_surface,last_train_check,train
서울 여기 에서 홍대입구 역 까지 제일 쉬운 길 알려줘,서울역,홍대입구역,서울 여기,홍대입구 역,all_noisy_station_surface,route_search,train
왕십리역이 에서 가락시장에 까지 가고 싶어요,왕십리역,가락시장역,왕십리역이,가락시장에,all_noisy_station_surface,route_search,train
종로3가력 에서 까치산력 까지 지하철 운행 중이야,종로3가역,까치산역,종로3가력,까치산력,all_noisy_station_surface,subway_availability_check,train
방이에 에서 서을역 까지 막차 끊겼으면 어떻게 가,방이역,서울역,방이에,서을역,all_noisy_station_surface,alternative_route,train
서울대 이꾸역 에서 가산디지털단지 역 까지 막차 끊겼나요,서울대입구역,가산디지털단지역,서울대 이꾸역,가산디지털단지 역,all_noisy_station_surface,last_train_check,train
종합운동장 여기 에서 오금 여기 까지 환승 적은 경로 알려줘,종합운동장역,오금역,종합운동장 여기,오금 여기,all_noisy_station_surface,route_search,train
홍대입구 역 까지 가야 하는데 서울 역 에서 어떻게 가요,서울역,홍대입구역,서울 역,홍대입구 역,all_noisy_station_surface,route_search,train
구로디지털 단지역 에서 잠실새내력 까지 가는 길 알려줘,구로디지털단지역,잠실새내역,구로디지털 단지역,잠실새내력,all_noisy_station_surface,route_search,train
종합 운동장 에서 강동 까지 마지막 지하철 있어,종합운동장역,강동역,종합 운동장,강동,all_noisy_station_surface,last_train_check,train
홍제약 에서 아현 까지 지하철 운행 중이야,홍제역,아현역,홍제약,아현,all_noisy_station_surface,subway_availability_check,train
안국역이 에서 디지털미디어시티에 까지 막차 끊겼나요,안국역,디지털미디어시티역,안국역이,디지털미디어시티에,all_noisy_station_surface,last_train_check,train
개봉에 부터 애오개에 까지 대중교통 알려줘,개봉역,애오개역,개봉에,애오개에,all_noisy_station_surface,route_search,train
상봉약 에서 상수 여기 까지 환승 적은 경로 알려줘,상봉역,상수역,상봉약,상수 여기,all_noisy_station_surface,route_search,train
이촌 여기 에서 압구정로데오에 까지 막차 끊겼나요,이촌역,압구정로데오역,이촌 여기,압구정로데오에,all_noisy_station_surface,last_train_check,train
숙대입구 역 까지 가야 하는데 사울역 에서 어떻게 가요,서울역,숙대입구역,사울역,숙대입구 역,all_noisy_station_surface,route_search,train
가락시장 역 에서 신설동역이 까지 막차 끊겼나요,가락시장역,신설동역,가락시장 역,신설동역이,all_noisy_station_surface,last_train_check,train
삼성약 에서 봉은사력 까지 지하철 운행 중이야,삼성역,봉은사역,삼성약,봉은사력,all_noisy_station_surface,subway_availability_check,train
구파발역이 에서 을지로입구 까지 가는 길 알려줘,구파발역,을지로입구역,구파발역이,을지로입구,all_noisy_station_surface,route_search,train
가산디지털단지력 에서 망원 역 까지 환승 적은 경로 알려줘,가산디지털단지역,망원역,가산디지털단지력,망원 역,all_noisy_station_surface,route_search,train
강동 에서 송파 여기 까지 지하철 없으면 버스로 갈 수 있어요,강동역,송파역,강동,송파 여기,all_noisy_station_surface,alternative_route,train
시청력 에서 숙대 입고 까지 어떻게 가나요,시청역,숙대입구역,시청력,숙대 입고,all_noisy_station_surface,route_search,train
고속터미널역이 에서 압구 정 까지 다른 방법 알려줘,고속터미널역,압구정역,고속터미널역이,압구 정,all_noisy_station_surface,alternative_route,train
고속터미널 여기 에서 신림력 까지 막차 남았어,고속터미널역,신림역,고속터미널 여기,신림력,all_noisy_station_surface,last_train_check,train
홍데입구 에서 신림력 까지 가고 싶어요,홍대입구역,신림역,홍데입구,신림력,all_noisy_station_surface,route_search,train
아현력 에서 까치산 여기 까지 제일 쉬운 길 알려줘,아현역,까치산역,아현력,까치산 여기,all_noisy_station_surface,route_search,train
사당약 에서 서울약 까지 막차 남았어,사당역,서울역,사당약,서울약,all_noisy_station_surface,last_train_check,train
광화 문 출발 화곡에 도착 경로 알려줘,광화문역,화곡역,광화 문,화곡에,all_noisy_station_surface,route_search,train
숙대입구 출발 사울역 도착 경로 알려줘,숙대입구역,서울역,숙대입구,사울역,all_noisy_station_surface,route_search,train
종각 에서 을지로 입구역 까지 지하철 운행 중이야,종각역,을지로입구역,종각,을지로 입구역,all_noisy_station_surface,subway_availability_check,train
홍대입고 에서 숙대 입구 여기 까지 가는 길 알려줘,홍대입구역,숙대입구역,홍대입고,숙대 입구 여기,all_noisy_station_surface,route_search,train
서울 녁 에서 을지로 이꾸역 까지 어떻게 가나요,서울역,을지로입구역,서울 녁,을지로 이꾸역,all_noisy_station_surface,route_search,train
상수역이 에서 종로 3가 까지 가고 싶어요,상수역,종로3가역,상수역이,종로 3가,all_noisy_station_surface,route_search,train
종로3가력 에서 수유역이 까지 택시 말고 가는 방법 있어,종로3가역,수유역,종로3가력,수유역이,all_noisy_station_surface,alternative_route,train
서월역 에서 홍대입구력 까지 지하철 없으면 버스로 갈 수 있어요,서울역,홍대입구역,서월역,홍대입구력,all_noisy_station_surface,alternative_route,train
독립문에 출발 가락시장력 도착 경로 알려줘,독립문역,가락시장역,독립문에,가락시장력,all_noisy_station_surface,route_search,train
사울역 까지 가야 하는데 홍대 입구 여기 에서 어떻게 가요,홍대입구역,서울역,홍대 입구 여기,사울역,all_noisy_station_surface,route_search,train
둔촌 동 에서 출발해서 장지 역 까지 가고 싶어요,둔촌동역,장지역,둔촌 동,장지 역,all_noisy_station_surface,route_search,train
을지로입구 역 방향 막차 강동약 에서 탈 수 있나요,강동역,을지로입구역,강동약,을지로입구 역,all_noisy_station_surface,last_train_check,train
압구정에 에서 발산력 까지 제일 쉬운 길 알려줘,압구정역,발산역,압구정에,발산력,all_noisy_station_surface,route_search,train
홍데입구 에서 숙대입구역이 까지 어떻게 가나요,홍대입구역,숙대입구역,홍데입구,숙대입구역이,all_noisy_station_surface,route_search,train
사당약 에서 송파 역 까지 지하철 운행 중이야,사당역,송파역,사당약,송파 역,all_noisy_station_surface,subway_availability_check,train
올림픽 공원 에서 까치산역이 까지 마지막 지하철 있어,올림픽공원역,까치산역,올림픽 공원,까치산역이,all_noisy_station_surface,last_train_check,train
천호 여기 에서 구의 역 까지 막차 끊겼나요,천호역,구의역,천호 여기,구의 역,all_noisy_station_surface,last_train_check,train
신설동 에서 대림약 까지 지하철 없으면 버스로 갈 수 있어요,신설동역,대림역,신설동,대림약,all_noisy_station_surface,alternative_route,train
양재 출발 노량진에 도착 경로 알려줘,양재역,노량진역,양재,노량진에,all_noisy_station_surface,route_search,train
사당 에서 압구정약 까지 지금 지하철 탈 수 있어,사당역,압구정역,사당,압구정약,all_noisy_station_surface,subway_availability_check,train
고속터미널 에서 충정로 까지 어떻게 가나요,고속터미널역,충정로역,고속터미널,충정로,all_noisy_station_surface,route_search,train
천호에 에서 잠실새내 여기 까지 제일 쉬운 길 알려줘,천호역,잠실새내역,천호에,잠실새내 여기,all_noisy_station_surface,route_search,train
지금 강남에 에서 숙대입구역이 까지 막차 탈 수 있어,강남역,숙대입구역,강남에,숙대입구역이,all_noisy_station_surface,last_train_check,train
개봉 역 부터 녹사평약 까지 대중교통 알려줘,개봉역,녹사평역,개봉 역,녹사평약,all_noisy_station_surface,route_search,train
이데 까지 가야 하는데 까치산 에서 어떻게 가요,까치산역,이대역,까치산,이데,all_noisy_station_surface,route_search,train
대치 방향 막차 상수 에서 탈 수 있나요,상수역,대치역,상수,대치,all_noisy_station_surface,last_train_check,train
강남 역 에서 출발해서 숙대 입고 까지 가고 싶어요,강남역,숙대입구역,강남 역,숙대 입고,all_noisy_station_surface,route_search,train
김포공항 여기 에서 동대문력 까지 막차 남았어,김포공항역,동대문역,김포공항 여기,동대문력,all_noisy_station_surface,last_train_check,train
마곡역이 에서 송파 역 까지 가고 싶어요,마곡역,송파역,마곡역이,송파 역,all_noisy_station_surface,route_search,train
구파발 여기 방향 막차 압구정로데오역이 에서 탈 수 있나요,압구정로데오역,구파발역,압구정로데오역이,구파발 여기,all_noisy_station_surface,last_train_check,train
시청에 에서 숙대입구역이 까지 막차 남았어,시청역,숙대입구역,시청에,숙대입구역이,all_noisy_station_surface,last_train_check,train
신촌 역 에서 충무로약 까지 지하철 없으면 버스로 갈 수 있어요,신촌역,충무로역,신촌 역,충무로약,all_noisy_station_surface,alternative_route,train
혜화 출발 구로에 도착 경로 알려줘,혜화역,구로역,혜화,구로에,all_noisy_station_surface,route_search,train
숙데입구 에서 사울역 까지 택시 말고 가는 방법 있어,숙대입구역,서울역,숙데입구,사울역,all_noisy_station_surface,alternative_route,train
봉은사역이 에서 월드컵 경기장역 까지 가고 싶어요,봉은사역,월드컵경기장역,봉은사역이,월드컵 경기장역,all_noisy_station_surface,route_search,train
홍제 역 출발 광화문약 도착 경로 알려줘,홍제역,광화문역,홍제 역,광화문약,all_noisy_station_surface,route_search,train
양재약 에서 성수 역 까지 가고 싶어요,양재역,성수역,양재약,성수 역,all_noisy_station_surface,route_search,train
오금에 에서 문정에 까지 마지막 지하철 있어,오금역,문정역,오금에,문정에,all_noisy_station_surface,last_train_check,train
서월역 출발 숙대입고 도착 경로 알려줘,서울역,숙대입구역,서월역,숙대입고,all_noisy_station_surface,route_search,train
한강진 여기 에서 마포약 까지 지금 지하철 탈 수 있어,한강진역,마포역,한강진 여기,마포약,all_noisy_station_surface,subway_availability_check,train
신촌 에서 압구정에 까지 환승 적은 경로 알려줘,신촌역,압구정역,신촌,압구정에,all_noisy_station_surface,route_search,train
서울 여기 에서 홍데입구 까지 가고 싶어요,서울역,홍대입구역,서울 여기,홍데입구,all_noisy_station_surface,route_search,train
시청 출발 숙대입구 여기 도착 경로 알려줘,시청역,숙대입구역,시청,숙대입구 여기,all_noisy_station_surface,route_search,train
사울역 에서 숙대입구 여기 까지 막차 끊겼나요,서울역,숙대입구역,사울역,숙대입구 여기,all_noisy_station_surface,last_train_check,train
이태원 역 에서 왕십리에 까지 막차 끊겼으면 어떻게 가,이태원역,왕십리역,이태원 역,왕십리에,all_noisy_station_surface,alternative_route,train
동대 문 에서 무악재 까지 막차 남았어,동대문역,무악재역,동대 문,무악재,all_noisy_station_surface,last_train_check,train
서울에 에서 홍대 입고 까지 어떻게 가나요,서울역,홍대입구역,서울에,홍대 입고,all_noisy_station_surface,route_search,train
혜화 여기 에서 성수에 까지 막차 끊겼나요,혜화역,성수역,혜화 여기,성수에,all_noisy_station_surface,last_train_check,train
서울 출발 홍대입고 도착 경로 알려줘,서울역,홍대입구역,서울,홍대입고,all_noisy_station_surface,route_search,train
화곡약 방향 막차 이태원역이 에서 탈 수 있나요,이태원역,화곡역,이태원역이,화곡약,all_noisy_station_surface,last_train_check,train
한성대 입구역 에서 명동에 까지 지금 지하철 탈 수 있어,한성대입구역,명동역,한성대 입구역,명동에,all_noisy_station_surface,subway_availability_check,train
당산에 에서 대림역이 까지 지금 지하철 탈 수 있어,당산역,대림역,당산에,대림역이,all_noisy_station_surface,subway_availability_check,train
가산디지털 여기 에서 압구정약 까지 택시 말고 가는 방법 있어,가산디지털단지역,압구정역,가산디지털 여기,압구정약,all_noisy_station_surface,alternative_route,train
종각 여기 에서 방이 역 까지 가고 싶어요,종각역,방이역,종각 여기,방이 역,all_noisy_station_surface,route_search,train
서울 여기 에서 홍대입국역 까지 지하철 없으면 버스로 갈 수 있어요,서울역,홍대입구역,서울 여기,홍대입국역,all_noisy_station_surface,alternative_route,train
이촌역이 에서 애오개에 까지 환승 적은 경로 알려줘,이촌역,애오개역,이촌역이,애오개에,all_noisy_station_surface,route_search,train
압구 정 에서 연신내에 까지 가는 길 알려줘,압구정역,연신내역,압구 정,연신내에,all_noisy_station_surface,route_search,train
지금 사울약 에서 숙대 입고 여기 까지 막차 탈 수 있어,서울역,숙대입구역,사울약,숙대 입고 여기,all_noisy_station_surface,last_train_check,train
시청력 출발 숙대 입국역 도착 경로 알려줘,시청역,숙대입구역,시청력,숙대 입국역,all_noisy_station_surface,route_search,train
녹번역이 에서 선릉 역 까지 막차 끊겼으면 어떻게 가,녹번역,선릉역,녹번역이,선릉 역,all_noisy_station_surface,alternative_route,train
숙대입구 역 에서 서울력 까지 가는 길 알려줘,숙대입구역,서울역,숙대입구 역,서울력,all_noisy_station_surface,route_search,train
대림약 에서 건대입구약 까지 지하철 없으면 버스로 갈 수 있어요,대림역,건대입구역,대림약,건대입구약,all_noisy_station_surface,alternative_route,train
종합 운동장 에서 삼성력 까지 막차 남았어,종합운동장역,삼성역,종합 운동장,삼성력,all_noisy_station_surface,last_train_check,train
지금 석촌력 에서 양재 까지 막차 탈 수 있어,석촌역,양재역,석촌력,양재,all_noisy_station_surface,last_train_check,train
강남역이 에서 뚝섬 여기 까지 택시 말고 가는 방법 있어,강남역,뚝섬역,강남역이,뚝섬 여기,all_noisy_station_surface,alternative_route,train
홍대입구력 에서 숙대 입구역 까지 막차 끊겼나요,홍대입구역,숙대입구역,홍대입구력,숙대 입구역,all_noisy_station_surface,last_train_check,train
애오 개역 에서 종각 역 까지 지하철 운행 중이야,애오개역,종각역,애오 개역,종각 역,all_noisy_station_surface,subway_availability_check,train
홍대입국역 부터 숙대입구 까지 대중교통 알려줘,홍대입구역,숙대입구역,홍대입국역,숙대입구,all_noisy_station_surface,route_search,train
이대 에서 출발해서 노량진에 까지 가고 싶어요,이대역,노량진역,이대,노량진에,all_noisy_station_surface,route_search,train
독립문 역 에서 잠실약 까지 막차 끊겼으면 어떻게 가,독립문역,잠실역,독립문 역,잠실약,all_noisy_station_surface,alternative_route,train
구로력 까지 가야 하는데 신림역이 에서 어떻게 가요,신림역,구로역,신림역이,구로력,all_noisy_station_surface,route_search,train
디지털미디어시티 역 출발 학여울 여기 도착 경로 알려줘,디지털미디어시티역,학여울역,디지털미디어시티 역,학여울 여기,all_noisy_station_surface,route_search,train
고속터미널약 에서 교대약 까지 제일 쉬운 길 알려줘,고속터미널역,교대역,고속터미널약,교대약,all_noisy_station_surface,route_search,train
데치 출발 왕십 리역 도착 경로 알려줘,대치역,왕십리역,데치,왕십 리역,all_noisy_station_surface,route_search,train
지금 한강진에 에서 애오개역이 까지 막차 탈 수 있어,한강진역,애오개역,한강진에,애오개역이,all_noisy_station_surface,last_train_check,train
대림력 에서 을지로입구역이 까지 지금 지하철 탈 수 있어,대림역,을지로입구역,대림력,을지로입구역이,all_noisy_station_surface,subway_availability_check,train
신촌약 에서 잠실 까지 가고 싶어요,신촌역,잠실역,신촌약,잠실,all_noisy_station_surface,route_search,train
문정 역 에서 신림 역 까지 막차 남았어,문정역,신림역,문정 역,신림 역,all_noisy_station_surface,last_train_check,train
숙대입고 방향 막차 서울력 에서 탈 수 있나요,서울역,숙대입구역,서울력,숙대입고,all_noisy_station_surface,last_train_check,train
서월역 에서 숙대 이꾸역 까지 가는 길 알려줘,서울역,숙대입구역,서월역,숙대 이꾸역,all_noisy_station_surface,route_search,train
이대력 에서 선릉약 까지 가는 길 알려줘,이대역,선릉역,이대력,선릉약,all_noisy_station_surface,route_search,train
천호력 에서 출발해서 발산약 까지 가고 싶어요,천호역,발산역,천호력,발산약,all_noisy_station_surface,route_search,train
왕십리역이 에서 오금 까지 어떻게 가나요,왕십리역,오금역,왕십리역이,오금,all_noisy_station_surface,route_search,train
서울 에서 숙대 입고 까지 막차 남았어,서울역,숙대입구역,서울,숙대 입고,all_noisy_station_surface,last_train_check,train
연신내 여기 에서 공덕역이 까지 가고 싶어요,연신내역,공덕역,연신내 여기,공덕역이,all_noisy_station_surface,route_search,train
상봉 에서 출발해서 명동 여기 까지 가고 싶어요,상봉역,명동역,상봉,명동 여기,all_noisy_station_surface,route_search,train
가락시장 에서 이촌역이 까지 지하철 없으면 버스로 갈 수 있어요,가락시장역,이촌역,가락시장,이촌역이,all_noisy_station_surface,alternative_route,train
을지로 이꾸역 에서 서울에 까지 막차 끊겼으면 어떻게 가,을지로입구역,서울역,을지로 이꾸역,서울에,all_noisy_station_surface,alternative_route,train
서울대입구 여기 에서 천호 여기 까지 지하철 없으면 버스로 갈 수 있어요,서울대입구역,천호역,서울대입구 여기,천호 여기,all_noisy_station_surface,alternative_route,train
숙대입고역 에서 서울 녁 까지 마지막 지하철 있어,숙대입구역,서울역,숙대입고역,서울 녁,all_noisy_station_surface,last_train_check,train
강남력 에서 종로3가에 까지 지금 지하철 탈 수 있어,강남역,종로3가역,강남력,종로3가에,all_noisy_station_surface,subway_availability_check,train
잠실에 에서 매봉 까지 지금 지하철 탈 수 있어,잠실역,매봉역,잠실에,매봉,all_noisy_station_surface,subway_availability_check,train
서울약 에서 출발해서 숙대입구역이 까지 가고 싶어요,서울역,숙대입구역,서울약,숙대입구역이,all_noisy_station_surface,route_search,train
사당역이 에서 사울역 까지 가는 길 알려줘,사당역,서울역,사당역이,사울역,all_noisy_station_surface,route_search,train
지금 안국 여기 에서 서울대입구약 까지 막차 탈 수 있어,안국역,서울대입구역,안국 여기,서울대입구약,all_noisy_station_surface,last_train_check,train
압구정로데오에 에서 봉은사력 까지 어떻게 가나요,압구정로데오역,봉은사역,압구정로데오에,봉은사력,all_noisy_station_surface,route_search,train
구파발 에서 오금 까지 제일 쉬운 길 알려줘,구파발역,오금역,구파발,오금,all_noisy_station_surface,route_search,train
이대 역 까지 가야 하는데 아현역이 에서 어떻게 가요,아현역,이대역,아현역이,이대 역,all_noisy_station_surface,route_search,train
디지털미디어시티 에서 교대력 까지 어떻게 가나요,디지털미디어시티역,교대역,디지털미디어시티,교대력,all_noisy_station_surface,route_search,train
월드 컵경기장역 에서 발산 역 까지 가는 길 알려줘,월드컵경기장역,발산역,월드 컵경기장역,발산 역,all_noisy_station_surface,route_search,train
마곡 여기 에서 김포공항에 까지 지금 지하철 탈 수 있어,마곡역,김포공항역,마곡 여기,김포공항에,all_noisy_station_surface,subway_availability_check,train
까치산역이 에서 신촌약 까지 택시 말고 가는 방법 있어,까치산역,신촌역,까치산역이,신촌약,all_noisy_station_surface,alternative_route,train
동대문역사문화공원 여기 에서 안국에 까지 지하철 운행 중이야,동대문역사문화공원역,안국역,동대문역사문화공원 여기,안국에,all_noisy_station_surface,subway_availability_check,train
홍데입구 에서 숙대 입구역 까지 막차 끊겼으면 어떻게 가,홍대입구역,숙대입구역,홍데입구,숙대 입구역,all_noisy_station_surface,alternative_route,train
숙데입구 에서 공덕 여기 까지 지하철 운행 중이야,숙대입구역,공덕역,숙데입구,공덕 여기,all_noisy_station_surface,subway_availability_check,train
수서 에서 동대문역이 까지 다른 방법 알려줘,수서역,동대문역,수서,동대문역이,all_noisy_station_surface,alternative_route,train
노량진역이 에서 까치산력 까지 택시 말고 가는 방법 있어,노량진역,까치산역,노량진역이,까치산력,all_noisy_station_surface,alternative_route,train
서울 여기 까지 가야 하는데 을지로 입구 여기 에서 어떻게 가요,을지로입구역,서울역,을지로 입구 여기,서울 여기,all_noisy_station_surface,route_search,train
선릉약 에서 홍제 까지 제일 쉬운 길 알려줘,선릉역,홍제역,선릉약,홍제,all_noisy_station_surface,route_search,train
신도림약 에서 가산디지털단지약 까지 제일 쉬운 길 알려줘,신도림역,가산디지털단지역,신도림약,가산디지털단지약,all_noisy_station_surface,route_search,train
충무로 역 에서 목동 역 까지 어떻게 가나요,충무로역,목동역,충무로 역,목동 역,all_noisy_station_surface,route_search,train
강변 역 에서 서울약 까지 가고 싶어요,강변역,서울역,강변 역,서울약,all_noisy_station_surface,route_search,train
한강진 여기 에서 우장산 여기 까지 가고 싶어요,한강진역,우장산역,한강진 여기,우장산 여기,all_noisy_station_surface,route_search,train
건대입고역 까지 가야 하는데 서울대입고역 에서 어떻게 가요,서울대입구역,건대입구역,서울대입고역,건대입고역,all_noisy_station_surface,route_search,train
뚝섬약 출발 신도림 역 도착 경로 알려줘,뚝섬역,신도림역,뚝섬약,신도림 역,all_noisy_station_surface,route_search,train
충정로 여기 에서 종각 여기 까지 가는 길 알려줘,충정로역,종각역,충정로 여기,종각 여기,all_noisy_station_surface,route_search,train
시청 역 에서 숙대 입고 여기 까지 지금 지하철 탈 수 있어,시청역,숙대입구역,시청 역,숙대 입고 여기,all_noisy_station_surface,subway_availability_check,train
상봉 여기 에서 역삼력 까지 막차 남았어,상봉역,역삼역,상봉 여기,역삼력,all_noisy_station_surface,last_train_check,train
지금 신촌 역 에서 가산디지털 여기 까지 막차 탈 수 있어,신촌역,가산디지털단지역,신촌 역,가산디지털 여기,all_noisy_station_surface,last_train_check,train
수서 여기 에서 상봉에 까지 지금 지하철 탈 수 있어,수서역,상봉역,수서 여기,상봉에,all_noisy_station_surface,subway_availability_check,train
선릉 여기 에서 한성대입구약 까지 지하철 운행 중이야,선릉역,한성대입구역,선릉 여기,한성대입구약,all_noisy_station_surface,subway_availability_check,train
문정에 에서 상봉에 까지 택시 말고 가는 방법 있어,문정역,상봉역,문정에,상봉에,all_noisy_station_surface,alternative_route,train
아현에 에서 둔촌동 까지 환승 적은 경로 알려줘,아현역,둔촌동역,아현에,둔촌동,all_noisy_station_surface,route_search,train
발산약 까지 가야 하는데 까치산에 에서 어떻게 가요,까치산역,발산역,까치산에,발산약,all_noisy_station_surface,route_search,train
대치 에서 회현력 까지 지하철 없으면 버스로 갈 수 있어요,대치역,회현역,대치,회현력,all_noisy_station_surface,alternative_route,train
학여울 에서 연신내력 까지 어떻게 가나요,학여울역,연신내역,학여울,연신내력,all_noisy_station_surface,route_search,train
마포력 에서 천호약 까지 막차 남았어,마포역,천호역,마포력,천호약,all_noisy_station_surface,last_train_check,train
동대문 여기 출발 석촌 도착 경로 알려줘,동대문역,석촌역,동대문 여기,석촌,all_noisy_station_surface,route_search,train
숙대 입고 여기 에서 서을역 까지 지금 지하철 탈 수 있어,숙대입구역,서울역,숙대 입고 여기,서을역,all_noisy_station_surface,subway_availability_check,train
강동약 에서 녹사평에 까지 지금 지하철 탈 수 있어,강동역,녹사평역,강동약,녹사평에,all_noisy_station_surface,subway_availability_check,train
용산에 에서 마포구청 까지 가고 싶어요,용산역,마포구청역,용산에,마포구청,all_noisy_station_surface,route_search,train
마포구청 역 에서 서울에 까지 지하철 없으면 버스로 갈 수 있어요,마포구청역,서울역,마포구청 역,서울에,all_noisy_station_surface,alternative_route,train
무악재약 에서 아현역이 까지 지금 지하철 탈 수 있어,무악재역,아현역,무악재약,아현역이,all_noisy_station_surface,subway_availability_check,train
선릉력 에서 잠실새내역이 까지 가는 길 알려줘,선릉역,잠실새내역,선릉력,잠실새내역이,all_noisy_station_surface,route_search,train
신촌 역 에서 애오개력 까지 택시 말고 가는 방법 있어,신촌역,애오개역,신촌 역,애오개력,all_noisy_station_surface,alternative_route,train
문정약 에서 제기 동역 까지 다른 방법 알려줘,문정역,제기동역,문정약,제기 동역,all_noisy_station_surface,alternative_route,train
지금 도곡력 에서 대림력 까지 막차 탈 수 있어,도곡역,대림역,도곡력,대림력,all_noisy_station_surface,last_train_check,train
홍대입고역 에서 숙대 입국역 까지 환승 적은 경로 알려줘,홍대입구역,숙대입구역,홍대입고역,숙대 입국역,all_noisy_station_surface,route_search,train
충무로 에서 잠실 역 까지 택시 말고 가는 방법 있어,충무로역,잠실역,충무로,잠실 역,all_noisy_station_surface,alternative_route,train
오목교역이 에서 월드컵경기장 역 까지 다른 방법 알려줘,오목교역,월드컵경기장역,오목교역이,월드컵경기장 역,all_noisy_station_surface,alternative_route,train
송파에 까지 가야 하는데 둔촌동약 에서 어떻게 가요,둔촌동역,송파역,둔촌동약,송파에,all_noisy_station_surface,route_search,train
봉은사 에서 출발해서 신도림역이 까지 가고 싶어요,봉은사역,신도림역,봉은사,신도림역이,all_noisy_station_surface,route_search,train
구로 디지털단지역 방향 막차 발산 여기 에서 탈 수 있나요,발산역,구로디지털단지역,발산 여기,구로 디지털단지역,all_noisy_station_surface,last_train_check,train
을지로입구력 방향 막차 사울약 에서 탈 수 있나요,서울역,을지로입구역,사울약,을지로입구력,all_noisy_station_surface,last_train_check,train
홍대 이꾸역 에서 상봉 여기 까지 지하철 운행 중이야,홍대입구역,상봉역,홍대 이꾸역,상봉 여기,all_noisy_station_surface,subway_availability_check,train
가락시장 에서 제기동 역 까지 지하철 없으면 버스로 갈 수 있어요,가락시장역,제기동역,가락시장,제기동 역,all_noisy_station_surface,alternative_route,train
방이 역 부터 동대문역사문화공원 여기 까지 대중교통 알려줘,방이역,동대문역사문화공원역,방이 역,동대문역사문화공원 여기,all_noisy_station_surface,route_search,train
서울 녁 부터 을지로입구에 까지 대중교통 알려줘,서울역,을지로입구역,서울 녁,을지로입구에,all_noisy_station_surface,route_search,train
우장산역이 에서 석촌에 까지 막차 남았어,우장산역,석촌역,우장산역이,석촌에,all_noisy_station_surface,last_train_check,train
구파발 역 에서 출발해서 구의력 까지 가고 싶어요,구파발역,구의역,구파발 역,구의력,all_noisy_station_surface,route_search,train
명동에 에서 목동 역 까지 환승 적은 경로 알려줘,명동역,목동역,명동에,목동 역,all_noisy_station_surface,route_search,train
숙대 입고 여기 에서 서울력 까지 지하철 없으면 버스로 갈 수 있어요,숙대입구역,서울역,숙대 입고 여기,서울력,all_noisy_station_surface,alternative_route,train
노량진력 에서 월드컵경기장 여기 까지 지하철 운행 중이야,노량진역,월드컵경기장역,노량진력,월드컵경기장 여기,all_noisy_station_surface,subway_availability_check,train
상봉에 부터 신촌력 까지 대중교통 알려줘,상봉역,신촌역,상봉에,신촌력,all_noisy_station_surface,route_search,train
동대 문역사문화공원 에서 명동역이 까지 지금 지하철 탈 수 있어,동대문역사문화공원역,명동역,동대 문역사문화공원,명동역이,all_noisy_station_surface,subway_availability_check,train
지금 압구정로데오 에서 이대약 까지 막차 탈 수 있어,압구정로데오역,이대역,압구정로데오,이대약,all_noisy_station_surface,last_train_check,train
연신 내 부터 구로디지털단지에 까지 대중교통 알려줘,연신내역,구로디지털단지역,연신 내,구로디지털단지에,all_noisy_station_surface,route_search,train
아현에 에서 동대 문 까지 막차 끊겼나요,아현역,동대문역,아현에,동대 문,all_noisy_station_surface,last_train_check,train
성신여대입구역이 에서 신설동약 까지 다른 방법 알려줘,성신여대입구역,신설동역,성신여대입구역이,신설동약,all_noisy_station_surface,alternative_route,train
신설동 여기 출발 상봉에 도착 경로 알려줘,신설동역,상봉역,신설동 여기,상봉에,all_noisy_station_surface,route_search,train
홍대입구역이 에서 숙대 입구역 까지 어떻게 가나요,홍대입구역,숙대입구역,홍대입구역이,숙대 입구역,all_noisy_station_surface,route_search,train
공덕에 에서 장지력 까지 지금 지하철 탈 수 있어,공덕역,장지역,공덕에,장지력,all_noisy_station_surface,subway_availability_check,train
양재 에서 노량진 역 까지 가고 싶어요,양재역,노량진역,양재,노량진 역,all_noisy_station_surface,route_search,train
가락시장약 에서 봉은사 여기 까지 지하철 없으면 버스로 갈 수 있어요,가락시장역,봉은사역,가락시장약,봉은사 여기,all_noisy_station_surface,alternative_route,train
잠실 역 에서 독립문력 까지 지금 지하철 탈 수 있어,잠실역,독립문역,잠실 역,독립문력,all_noisy_station_surface,subway_availability_check,train
홍대입국역 에서 출발해서 망원 역 까지 가고 싶어요,홍대입구역,망원역,홍대입국역,망원 역,all_noisy_station_surface,route_search,train
숙대입구역이 에서 서월역 까지 택시 말고 가는 방법 있어,숙대입구역,서울역,숙대입구역이,서월역,all_noisy_station_surface,alternative_route,train
사울역 에서 숙대 입국역 까지 다른 방법 알려줘,서울역,숙대입구역,사울역,숙대 입국역,all_noisy_station_surface,alternative_route,train
아현역이 방향 막차 합정 여기 에서 탈 수 있나요,합정역,아현역,합정 여기,아현역이,all_noisy_station_surface,last_train_check,train
서울 여기 에서 이태원 까지 제일 쉬운 길 알려줘,서울역,이태원역,서울 여기,이태원,all_noisy_station_surface,route_search,train
가락시장 역 에서 신도림약 까지 환승 적은 경로 알려줘,가락시장역,신도림역,가락시장 역,신도림약,all_noisy_station_surface,route_search,train
종합운동장 여기 부터 발산력 까지 대중교통 알려줘,종합운동장역,발산역,종합운동장 여기,발산력,all_noisy_station_surface,route_search,train
사당에 에서 올림픽공원약 까지 환승 적은 경로 알려줘,사당역,올림픽공원역,사당에,올림픽공원약,all_noisy_station_surface,route_search,train
지금 연신내 역 에서 삼성에 까지 막차 탈 수 있어,연신내역,삼성역,연신내 역,삼성에,all_noisy_station_surface,last_train_check,train
서을역 에서 숙대입구역이 까지 환승 적은 경로 알려줘,서울역,숙대입구역,서을역,숙대입구역이,all_noisy_station_surface,route_search,train
동대문역사공원 에서 복정 까지 어떻게 가나요,동대문역사문화공원역,복정역,동대문역사공원,복정,all_noisy_station_surface,route_search,train
사울약 에서 홍대 입고 까지 가는 길 알려줘,서울역,홍대입구역,사울약,홍대 입고,all_noisy_station_surface,route_search,train
뚝섬력 부터 가산디지털단지 여기 까지 대중교통 알려줘,뚝섬역,가산디지털단지역,뚝섬력,가산디지털단지 여기,all_noisy_station_surface,route_search,train
강남에 에서 복정역이 까지 막차 끊겼나요,강남역,복정역,강남에,복정역이,all_noisy_station_surface,last_train_check,train
무악재약 방향 막차 망원역이 에서 탈 수 있나요,망원역,무악재역,망원역이,무악재약,all_noisy_station_surface,last_train_check,train
서울 에서 홍대 입구 까지 지하철 없으면 버스로 갈 수 있어요,서울역,홍대입구역,서울,홍대 입구,all_noisy_station_surface,alternative_route,train
홍대입구 여기 에서 서울 역 까지 제일 쉬운 길 알려줘,홍대입구역,서울역,홍대입구 여기,서울 역,all_noisy_station_surface,route_search,train
가락 시장 에서 무악재역이 까지 지하철 없으면 버스로 갈 수 있어요,가락시장역,무악재역,가락 시장,무악재역이,all_noisy_station_surface,alternative_route,train
강남 여기 에서 숙대 입구역 까지 제일 쉬운 길 알려줘,강남역,숙대입구역,강남 여기,숙대 입구역,all_noisy_station_surface,route_search,train
애오개약 에서 마곡에 까지 막차 끊겼나요,애오개역,마곡역,애오개약,마곡에,all_noisy_station_surface,last_train_check,train
성수역이 방향 막차 녹번에 에서 탈 수 있나요,녹번역,성수역,녹번에,성수역이,all_noisy_station_surface,last_train_check,train
지금 홍대 입고 에서 숙대 이꾸역 까지 막차 탈 수 있어,홍대입구역,숙대입구역,홍대 입고,숙대 이꾸역,all_noisy_station_surface,last_train_check,train
신촌 역 에서 학여울 까지 막차 끊겼나요,신촌역,학여울역,신촌 역,학여울,all_noisy_station_surface,last_train_check,train
강남약 에서 숙대 입구 까지 택시 말고 가는 방법 있어,강남역,숙대입구역,강남약,숙대 입구,all_noisy_station_surface,alternative_route,train
을지로 이꾸역 에서 출발해서 서월역 까지 가고 싶어요,을지로입구역,서울역,을지로 이꾸역,서월역,all_noisy_station_surface,route_search,train
이촌 여기 에서 구로력 까지 지하철 운행 중이야,이촌역,구로역,이촌 여기,구로력,all_noisy_station_surface,subway_availability_check,train
종합운동장 에서 종각약 까지 어떻게 가나요,종합운동장역,종각역,종합운동장,종각약,all_noisy_station_surface,route_search,train
구의약 에서 강동 역 까지 가고 싶어요,구의역,강동역,구의약,강동 역,all_noisy_station_surface,route_search,train
사당에 부터 서울역이 까지 대중교통 알려줘,사당역,서울역,사당에,서울역이,all_noisy_station_surface,route_search,train
숙대 입고 에서 사울약 까지 가고 싶어요,숙대입구역,서울역,숙대 입고,사울약,all_noisy_station_surface,route_search,train
홍대 입고 에서 숙대 입구 여기 까지 제일 쉬운 길 알려줘,홍대입구역,숙대입구역,홍대 입고,숙대 입구 여기,all_noisy_station_surface,route_search,train
이대역이 에서 둔촌 동 까지 다른 방법 알려줘,이대역,둔촌동역,이대역이,둔촌 동,all_noisy_station_surface,alternative_route,train
도곡역이 에서 문정 역 까지 제일 쉬운 길 알려줘,도곡역,문정역,도곡역이,문정 역,all_noisy_station_surface,route_search,train
여의도에 에서 잠실새내 역 까지 마지막 지하철 있어,여의도역,잠실새내역,여의도에,잠실새내 역,all_noisy_station_surface,last_train_check,train
대림 여기 에서 이촌역이 까지 지하철 없으면 버스로 갈 수 있어요,대림역,이촌역,대림 여기,이촌역이,all_noisy_station_surface,alternative_route,train
신림력 에서 독립문력 까지 가는 길 알려줘,신림역,독립문역,신림력,독립문력,all_noisy_station_surface,route_search,train
시청력 에서 건대입고역 까지 막차 끊겼으면 어떻게 가,시청역,건대입구역,시청력,건대입고역,all_noisy_station_surface,alternative_route,train
지금 숙대 입고 에서 서울역이 까지 막차 탈 수 있어,숙대입구역,서울역,숙대 입고,서울역이,all_noisy_station_surface,last_train_check,train
지금 사당 에서 서울약 까지 막차 탈 수 있어,사당역,서울역,사당,서울약,all_noisy_station_surface,last_train_check,train
마포구청 에서 방이에 까지 택시 말고 가는 방법 있어,마포구청역,방이역,마포구청,방이에,all_noisy_station_surface,alternative_route,train
대림 에서 녹사평역이 까지 가는 길 알려줘,대림역,녹사평역,대림,녹사평역이,all_noisy_station_surface,route_search,train
학여울역이 에서 출발해서 잠실력 까지 가고 싶어요,학여울역,잠실역,학여울역이,잠실력,all_noisy_station_surface,route_search,train
강남역이 에서 숙대 입구역 까지 제일 쉬운 길 알려줘,강남역,숙대입구역,강남역이,숙대 입구역,all_noisy_station_surface,route_search,train
숙대입구역이 에서 이태원력 까지 막차 끊겼으면 어떻게 가,숙대입구역,이태원역,숙대입구역이,이태원력,all_noisy_station_surface,alternative_route,train
회현 여기 에서 녹번 까지 지하철 없으면 버스로 갈 수 있어요,회현역,녹번역,회현 여기,녹번,all_noisy_station_surface,alternative_route,train
상봉역이 출발 강변약 도착 경로 알려줘,상봉역,강변역,상봉역이,강변약,all_noisy_station_surface,route_search,train
사당력 에서 서울 까지 지하철 운행 중이야,사당역,서울역,사당력,서울,all_noisy_station_surface,subway_availability_check,train
당산 여기 에서 삼성약 까지 지금 지하철 탈 수 있어,당산역,삼성역,당산 여기,삼성약,all_noisy_station_surface,subway_availability_check,train
강동 여기 에서 매봉 여기 까지 막차 끊겼나요,강동역,매봉역,강동 여기,매봉 여기,all_noisy_station_surface,last_train_check,train
서울역이 방향 막차 홍대입구 에서 탈 수 있나요,홍대입구역,서울역,홍대입구,서울역이,all_noisy_station_surface,last_train_check,train
압구 정 방향 막차 고속터미널 역 에서 탈 수 있나요,고속터미널역,압구정역,고속터미널 역,압구 정,all_noisy_station_surface,last_train_check,train
신림에 까지 가야 하는데 천호약 에서 어떻게 가요,천호역,신림역,천호약,신림에,all_noisy_station_surface,route_search,train
지금 합정 에서 미아 사거리역 까지 막차 탈 수 있어,합정역,미아사거리역,합정,미아 사거리역,all_noisy_station_surface,last_train_check,train
강변 역 까지 가야 하는데 압구정 여기 에서 어떻게 가요,압구정역,강변역,압구정 여기,강변 역,all_noisy_station_surface,route_search,train
지금 홍대 이꾸역 에서 숙대 이꾸역 까지 막차 탈 수 있어,홍대입구역,숙대입구역,홍대 이꾸역,숙대 이꾸역,all_noisy_station_surface,last_train_check,train
역삼 역 에서 종합운동장역이 까지 막차 끊겼으면 어떻게 가,역삼역,종합운동장역,역삼 역,종합운동장역이,all_noisy_station_surface,alternative_route,train
수유에 에서 교대약 까지 마지막 지하철 있어,수유역,교대역,수유에,교대약,all_noisy_station_surface,last_train_check,train
홍대입구약 에서 서울 녁 까지 막차 끊겼나요,홍대입구역,서울역,홍대입구약,서울 녁,all_noisy_station_surface,last_train_check,train
청량리력 출발 화곡 역 도착 경로 알려줘,청량리역,화곡역,청량리력,화곡 역,all_noisy_station_surface,route_search,train
교데 에서 대림역이 까지 막차 남았어,교대역,대림역,교데,대림역이,all_noisy_station_surface,last_train_check,train
서울대 입구 여기 에서 압구정역이 까지 택시 말고 가는 방법 있어,서울대입구역,압구정역,서울대 입구 여기,압구정역이,all_noisy_station_surface,alternative_route,train
서울대입구역이 에서 상봉역이 까지 가고 싶어요,서울대입구역,상봉역,서울대입구역이,상봉역이,all_noisy_station_surface,route_search,train
사당 여기 에서 서을역 까지 가는 길 알려줘,사당역,서울역,사당 여기,서을역,all_noisy_station_surface,route_search,train
강남 여기 에서 숙대입구 까지 제일 쉬운 길 알려줘,강남역,숙대입구역,강남 여기,숙대입구,all_noisy_station_surface,route_search,train
수유력 에서 합정 여기 까지 제일 쉬운 길 알려줘,수유역,합정역,수유력,합정 여기,all_noisy_station_surface,route_search,train
홍제력 부터 대림약 까지 대중교통 알려줘,홍제역,대림역,홍제력,대림약,all_noisy_station_surface,route_search,train
까치산 에서 청량리 여기 까지 지금 지하철 탈 수 있어,까치산역,청량리역,까치산,청량리 여기,all_noisy_station_surface,subway_availability_check,train
가락시장역이 부터 삼성 여기 까지 대중교통 알려줘,가락시장역,삼성역,가락시장역이,삼성 여기,all_noisy_station_surface,route_search,train
미아사거리력 에서 당산역이 까지 택시 말고 가는 방법 있어,미아사거리역,당산역,미아사거리력,당산역이,all_noisy_station_surface,alternative_route,train
시청약 에서 숙대 입고 까지 지하철 운행 중이야,시청역,숙대입구역,시청약,숙대 입고,all_noisy_station_surface,subway_availability_check,train
녹사평 역 에서 마포구청 까지 지하철 없으면 버스로 갈 수 있어요,녹사평역,마포구청역,녹사평 역,마포구청,all_noisy_station_surface,alternative_route,train
서울역이 부터 홍대입구약 까지 대중교통 알려줘,서울역,홍대입구역,서울역이,홍대입구약,all_noisy_station_surface,route_search,train
을지로입고 방향 막차 마포약 에서 탈 수 있나요,마포역,을지로입구역,마포약,을지로입고,all_noisy_station_surface,last_train_check,train
한강진약 에서 올림픽공원 까지 막차 끊겼으면 어떻게 가,한강진역,올림픽공원역,한강진약,올림픽공원,all_noisy_station_surface,alternative_route,train
압구정약 에서 신림 까지 지하철 없으면 버스로 갈 수 있어요,압구정역,신림역,압구정약,신림,all_noisy_station_surface,alternative_route,train
방이 여기 출발 압구정로데오에 도착 경로 알려줘,방이역,압구정로데오역,방이 여기,압구정로데오에,all_noisy_station_surface,route_search,train
수유력 에서 마포 구청 까지 지금 지하철 탈 수 있어,수유역,마포구청역,수유력,마포 구청,all_noisy_station_surface,subway_availability_check,train
마곡 여기 방향 막차 가락시장약 에서 탈 수 있나요,가락시장역,마곡역,가락시장약,마곡 여기,all_noisy_station_surface,last_train_check,train
을지로입구 여기 에서 사당 까지 다른 방법 알려줘,을지로입구역,사당역,을지로입구 여기,사당,all_noisy_station_surface,alternative_route,train
홍대입고역 에서 서월역 까지 막차 끊겼으면 어떻게 가,홍대입구역,서울역,홍대입고역,서월역,all_noisy_station_surface,alternative_route,train
연신내 역 에서 사울역 까지 다른 방법 알려줘,연신내역,서울역,연신내 역,사울역,all_noisy_station_surface,alternative_route,train
마포역이 에서 강남력 까지 가는 길 알려줘,마포역,강남역,마포역이,강남력,all_noisy_station_surface,route_search,train
안국약 부터 녹사평력 까지 대중교통 알려줘,안국역,녹사평역,안국약,녹사평력,all_noisy_station_surface,route_search,train
마곡 역 에서 방이 여기 까지 제일 쉬운 길 알려줘,마곡역,방이역,마곡 역,방이 여기,all_noisy_station_surface,route_search,train
역삼 에서 잠실 새내역 까지 환승 적은 경로 알려줘,역삼역,잠실새내역,역삼,잠실 새내역,all_noisy_station_surface,route_search,train
사울역 에서 홍대 입고 까지 제일 쉬운 길 알려줘,서울역,홍대입구역,사울역,홍대 입고,all_noisy_station_surface,route_search,train
신도림력 에서 마포구청 역 까지 제일 쉬운 길 알려줘,신도림역,마포구청역,신도림력,마포구청 역,all_noisy_station_surface,route_search,train
양재에 방향 막차 서을역 에서 탈 수 있나요,서울역,양재역,서을역,양재에,all_noisy_station_surface,last_train_check,train
신촌 출발 강동약 도착 경로 알려줘,신촌역,강동역,신촌,강동약,all_noisy_station_surface,route_search,train
도곡역이 출발 대림 여기 도착 경로 알려줘,도곡역,대림역,도곡역이,대림 여기,all_noisy_station_surface,route_search,train
서울력 방향 막차 노량진 에서 탈 수 있나요,노량진역,서울역,노량진,서울력,all_noisy_station_surface,last_train_check,train
청량리역이 에서 삼성 까지 가고 싶어요,청량리역,삼성역,청량리역이,삼성,all_noisy_station_surface,route_search,train
가락시장 역 에서 대림역이 까지 어떻게 가나요,가락시장역,대림역,가락시장 역,대림역이,all_noisy_station_surface,route_search,train
서울력 에서 홍대 입구 까지 가는 길 알려줘,서울역,홍대입구역,서울력,홍대 입구,all_noisy_station_surface,route_search,train
숙대입구약 에서 출발해서 서울력 까지 가고 싶어요,숙대입구역,서울역,숙대입구약,서울력,all_noisy_station_surface,route_search,train
역삼약 에서 상수 까지 지하철 운행 중이야,역삼역,상수역,역삼약,상수,all_noisy_station_surface,subway_availability_check,train
을지로입구 에서 서울 역 까지 제일 쉬운 길 알려줘,을지로입구역,서울역,을지로입구,서울 역,all_noisy_station_surface,route_search,train
불광약 에서 잠실약 까지 제일 쉬운 길 알려줘,불광역,잠실역,불광약,잠실약,all_noisy_station_surface,route_search,train
시청 부터 성수 역 까지 대중교통 알려줘,시청역,성수역,시청,성수 역,all_noisy_station_surface,route_search,train
강동 여기 에서 우장산 역 까지 마지막 지하철 있어,강동역,우장산역,강동 여기,우장산 역,all_noisy_station_surface,last_train_check,train
방이 에서 왕십리력 까지 어떻게 가나요,방이역,왕십리역,방이,왕십리력,all_noisy_station_surface,route_search,train
숙대 입고 에서 마포에 까지 지하철 없으면 버스로 갈 수 있어요,숙대입구역,마포역,숙대 입고,마포에,all_noisy_station_surface,alternative_route,train
강남약 에서 숙대 입고 까지 환승 적은 경로 알려줘,강남역,숙대입구역,강남약,숙대 입고,all_noisy_station_surface,route_search,train
을지로입고 에서 가산디지털 단지역 까지 가고 싶어요,을지로입구역,가산디지털단지역,을지로입고,가산디지털 단지역,all_noisy_station_surface,route_search,train
혜화약 에서 종각력 까지 마지막 지하철 있어,혜화역,종각역,혜화약,종각력,all_noisy_station_surface,last_train_check,train
여의도역이 에서 역삼에 까지 지하철 운행 중이야,여의도역,역삼역,여의도역이,역삼에,all_noisy_station_surface,subway_availability_check,train
이태원 에서 사울역 까지 지하철 운행 중이야,이태원역,서울역,이태원,사울역,all_noisy_station_surface,subway_availability_check,train
강남 여기 에서 숙데입구 까지 지하철 없으면 버스로 갈 수 있어요,강남역,숙대입구역,강남 여기,숙데입구,all_noisy_station_surface,alternative_route,train
고속 터미널 방향 막차 홍제역이 에서 탈 수 있나요,홍제역,고속터미널역,홍제역이,고속 터미널,all_noisy_station_surface,last_train_check,train
홍대입구역이 에서 숙대입구약 까지 환승 적은 경로 알려줘,홍대입구역,숙대입구역,홍대입구역이,숙대입구약,all_noisy_station_surface,route_search,train
충정로력 에서 목동력 까지 지금 지하철 탈 수 있어,충정로역,목동역,충정로력,목동력,all_noisy_station_surface,subway_availability_check,train
김포공항 여기 에서 연신내역이 까지 다른 방법 알려줘,김포공항역,연신내역,김포공항 여기,연신내역이,all_noisy_station_surface,alternative_route,train
광화문역이 에서 영등포 까지 막차 끊겼으면 어떻게 가,광화문역,영등포역,광화문역이,영등포,all_noisy_station_surface,alternative_route,train
동대문 문화공원역 부터 김포공항 까지 대중교통 알려줘,동대문역사문화공원역,김포공항역,동대문 문화공원역,김포공항,all_noisy_station_surface,route_search,train
홍대 입구 여기 에서 교대약 까지 가고 싶어요,홍대입구역,교대역,홍대 입구 여기,교대약,all_noisy_station_surface,route_search,train
동대문 역사 문화공원역 까지 가야 하는데 노량진역이 에서 어떻게 가요,노량진역,동대문역사문화공원역,노량진역이,동대문 역사 문화공원역,all_noisy_station_surface,route_search,train
시청력 출발 제기동역이 도착 경로 알려줘,시청역,제기동역,시청력,제기동역이,all_noisy_station_surface,route_search,train
여의도 역 에서 선릉 여기 까지 마지막 지하철 있어,여의도역,선릉역,여의도 역,선릉 여기,all_noisy_station_surface,last_train_check,train
애오개역이 에서 사당 까지 막차 남았어,애오개역,사당역,애오개역이,사당,all_noisy_station_surface,last_train_check,train
강남에 에서 숙대입고역 까지 막차 끊겼나요,강남역,숙대입구역,강남에,숙대입고역,all_noisy_station_surface,last_train_check,train
대치약 에서 학여울약 까지 막차 남았어,대치역,학여울역,대치약,학여울약,all_noisy_station_surface,last_train_check,train
지금 월드컵 경기장 에서 광화문에 까지 막차 탈 수 있어,월드컵경기장역,광화문역,월드컵 경기장,광화문에,all_noisy_station_surface,last_train_check,train
홍대 입구 에서 방이약 까지 어떻게 가나요,홍대입구역,방이역,홍대 입구,방이약,all_noisy_station_surface,route_search,train
홍대 입구 여기 에서 숙대 입국역 까지 택시 말고 가는 방법 있어,홍대입구역,숙대입구역,홍대 입구 여기,숙대 입국역,all_noisy_station_surface,alternative_route,train
이대역이 에서 을지로 입구 여기 까지 막차 남았어,이대역,을지로입구역,이대역이,을지로 입구 여기,all_noisy_station_surface,last_train_check,train
강남에 에서 서울대입구력 까지 막차 끊겼으면 어떻게 가,강남역,서울대입구역,강남에,서울대입구력,all_noisy_station_surface,alternative_route,train
지금 우장산에 에서 마곡력 까지 막차 탈 수 있어,우장산역,마곡역,우장산에,마곡력,all_noisy_station_surface,last_train_check,train
당산역이 에서 왕십리 까지 가고 싶어요,당산역,왕십리역,당산역이,왕십리,all_noisy_station_surface,route_search,train
구로력 에서 오금력 까지 어떻게 가나요,구로역,오금역,구로력,오금력,all_noisy_station_surface,route_search,train
홍대입고 부터 사울역 까지 대중교통 알려줘,홍대입구역,서울역,홍대입고,사울역,all_noisy_station_surface,route_search,train
지금 강동에 에서 봉은사력 까지 막차 탈 수 있어,강동역,봉은사역,강동에,봉은사력,all_noisy_station_surface,last_train_check,train
마곡약 에서 홍제약 까지 마지막 지하철 있어,마곡역,홍제역,마곡약,홍제약,all_noisy_station_surface,last_train_check,train
합정역이 에서 성신여대입구 까지 환승 적은 경로 알려줘,합정역,성신여대입구역,합정역이,성신여대입구,all_noisy_station_surface,route_search,train
홍데입구 출발 숙대 입국역 도착 경로 알려줘,홍대입구역,숙대입구역,홍데입구,숙대 입국역,all_noisy_station_surface,route_search,train
도곡 방향 막차 불광 에서 탈 수 있나요,불광역,도곡역,불광,도곡,all_noisy_station_surface,last_train_check,train
제기동역이 에서 압구정로데오 여기 까지 다른 방법 알려줘,제기동역,압구정로데오역,제기동역이,압구정로데오 여기,all_noisy_station_surface,alternative_route,train
마포구청력 에서 석촌에 까지 환승 적은 경로 알려줘,마포구청역,석촌역,마포구청력,석촌에,all_noisy_station_surface,route_search,train
사울역 에서 을지로입구역이 까지 제일 쉬운 길 알려줘,서울역,을지로입구역,사울역,을지로입구역이,all_noisy_station_surface,route_search,train
매봉약 까지 가야 하는데 구로 디지털단지역 에서 어떻게 가요,구로디지털단지역,매봉역,구로 디지털단지역,매봉약,all_noisy_station_surface,route_search,train
종각에 에서 잠실역이 까지 다른 방법 알려줘,종각역,잠실역,종각에,잠실역이,all_noisy_station_surface,alternative_route,train
홍대입구 에서 출발해서 청량리 역 까지 가고 싶어요,홍대입구역,청량리역,홍대입구,청량리 역,all_noisy_station_surface,route_search,train
목동 여기 에서 이태원 역 까지 막차 끊겼나요,목동역,이태원역,목동 여기,이태원 역,all_noisy_station_surface,last_train_check,train
홍제약 에서 석촌력 까지 마지막 지하철 있어,홍제역,석촌역,홍제약,석촌력,all_noisy_station_surface,last_train_check,train
서울 녁 에서 을지로입고 까지 지금 지하철 탈 수 있어,서울역,을지로입구역,서울 녁,을지로입고,all_noisy_station_surface,subway_availability_check,train
홍대입국역 에서 문정 까지 택시 말고 가는 방법 있어,홍대입구역,문정역,홍대입국역,문정,all_noisy_station_surface,alternative_route,train
신설동에 에서 신촌 여기 까지 환승 적은 경로 알려줘,신설동역,신촌역,신설동에,신촌 여기,all_noisy_station_surface,route_search,train
개봉력 에서 동대문 역사문화 공원역 까지 지하철 운행 중이야,개봉역,동대문역사문화공원역,개봉력,동대문 역사문화 공원역,all_noisy_station_surface,subway_availability_check,train
교대 여기 방향 막차 연신내약 에서 탈 수 있나요,연신내역,교대역,연신내약,교대 여기,all_noisy_station_surface,last_train_check,train
수유역이 출발 공덕력 도착 경로 알려줘,수유역,공덕역,수유역이,공덕력,all_noisy_station_surface,route_search,train
서월역 까지 가야 하는데 숙대 이꾸역 에서 어떻게 가요,숙대입구역,서울역,숙대 이꾸역,서월역,all_noisy_station_surface,route_search,train
회현역이 에서 용산역이 까지 지하철 운행 중이야,회현역,용산역,회현역이,용산역이,all_noisy_station_surface,subway_availability_check,train
개봉에 부터 신설동 까지 대중교통 알려줘,개봉역,신설동역,개봉에,신설동,all_noisy_station_surface,route_search,train
강변역이 에서 종로3가역이 까지 제일 쉬운 길 알려줘,강변역,종로3가역,강변역이,종로3가역이,all_noisy_station_surface,route_search,train
홍대입고역 출발 사울약 도착 경로 알려줘,홍대입구역,서울역,홍대입고역,사울약,all_noisy_station_surface,route_search,train
강동 역 에서 방이역이 까지 가고 싶어요,강동역,방이역,강동 역,방이역이,all_noisy_station_surface,route_search,train
회현 여기 에서 선릉 역 까지 막차 끊겼으면 어떻게 가,회현역,선릉역,회현 여기,선릉 역,all_noisy_station_surface,alternative_route,train
불광약 에서 출발해서 서월역 까지 가고 싶어요,불광역,서울역,불광약,서월역,all_noisy_station_surface,route_search,train
명동약 에서 영등포역이 까지 다른 방법 알려줘,명동역,영등포역,명동약,영등포역이,all_noisy_station_surface,alternative_route,train
공덕에 에서 한성데입구 까지 막차 끊겼나요,공덕역,한성대입구역,공덕에,한성데입구,all_noisy_station_surface,last_train_check,train
시청력 에서 숙대 입구역 까지 택시 말고 가는 방법 있어,시청역,숙대입구역,시청력,숙대 입구역,all_noisy_station_surface,alternative_route,train
종각 에서 출발해서 봉은사 까지 가고 싶어요,종각역,봉은사역,종각,봉은사,all_noisy_station_surface,route_search,train
합정 역 에서 상수에 까지 어떻게 가나요,합정역,상수역,합정 역,상수에,all_noisy_station_surface,route_search,train
마포구청에 에서 무악 재 까지 지하철 없으면 버스로 갈 수 있어요,마포구청역,무악재역,마포구청에,무악 재,all_noisy_station_surface,alternative_route,train
숙대입구력 방향 막차 강남에 에서 탈 수 있나요,강남역,숙대입구역,강남에,숙대입구력,all_noisy_station_surface,last_train_check,train
동대문 역 에서 가산디지털 단지역 까지 마지막 지하철 있어,동대문역,가산디지털단지역,동대문 역,가산디지털 단지역,all_noisy_station_surface,last_train_check,train
영등포에 출발 노량진에 도착 경로 알려줘,영등포역,노량진역,영등포에,노량진에,all_noisy_station_surface,route_search,train
홍대입고 에서 숙대 입고 까지 가는 길 알려줘,홍대입구역,숙대입구역,홍대입고,숙대 입고,all_noisy_station_surface,route_search,train
영등 포 부터 신림 역 까지 대중교통 알려줘,영등포역,신림역,영등 포,신림 역,all_noisy_station_surface,route_search,train
마포구청 에서 이촌 여기 까지 어떻게 가나요,마포구청역,이촌역,마포구청,이촌 여기,all_noisy_station_surface,route_search,train
명동에 에서 가디역 까지 환승 적은 경로 알려줘,명동역,가산디지털단지역,명동에,가디역,all_noisy_station_surface,route_search,train
회현약 에서 데치 까지 가고 싶어요,회현역,대치역,회현약,데치,all_noisy_station_surface,route_search,train
지금 화곡력 에서 시청 까지 막차 탈 수 있어,화곡역,시청역,화곡력,시청,all_noisy_station_surface,last_train_check,train
지금 홍데입구 에서 숙대입구 까지 막차 탈 수 있어,홍대입구역,숙대입구역,홍데입구,숙대입구,all_noisy_station_surface,last_train_check,train
홍대 입구역 에서 숙대 입국역 까지 다른 방법 알려줘,홍대입구역,숙대입구역,홍대 입구역,숙대 입국역,all_noisy_station_surface,alternative_route,train
숙대 입구역 에서 서울력 까지 다른 방법 알려줘,숙대입구역,서울역,숙대 입구역,서울력,all_noisy_station_surface,alternative_route,train
아현력 에서 종각 여기 까지 지금 지하철 탈 수 있어,아현역,종각역,아현력,종각 여기,all_noisy_station_surface,subway_availability_check,train
지금 숙대 입국역 에서 서울역이 까지 막차 탈 수 있어,숙대입구역,서울역,숙대 입국역,서울역이,all_noisy_station_surface,last_train_check,train
성수 역 에서 불광역이 까지 지하철 운행 중이야,성수역,불광역,성수 역,불광역이,all_noisy_station_surface,subway_availability_check,train
시청력 에서 숙데입구 까지 막차 끊겼으면 어떻게 가,시청역,숙대입구역,시청력,숙데입구,all_noisy_station_surface,alternative_route,train
독립문 에서 녹번 역 까지 마지막 지하철 있어,독립문역,녹번역,독립문,녹번 역,all_noisy_station_surface,last_train_check,train
녹사평약 출발 불광약 도착 경로 알려줘,녹사평역,불광역,녹사평약,불광약,all_noisy_station_surface,route_search,train
을지로 입구 여기 에서 오금 여기 까지 환승 적은 경로 알려줘,을지로입구역,오금역,을지로 입구 여기,오금 여기,all_noisy_station_surface,route_search,train
신촌역이 에서 구의 여기 까지 택시 말고 가는 방법 있어,신촌역,구의역,신촌역이,구의 여기,all_noisy_station_surface,alternative_route,train
서울 역 에서 숙대입구약 까지 제일 쉬운 길 알려줘,서울역,숙대입구역,서울 역,숙대입구약,all_noisy_station_surface,route_search,train
용산역이 에서 목동 까지 지하철 운행 중이야,용산역,목동역,용산역이,목동,all_noisy_station_surface,subway_availability_check,train
우장산약 출발 구의력 도착 경로 알려줘,우장산역,구의역,우장산약,구의력,all_noisy_station_surface,route_search,train
연신내 여기 에서 왕십리력 까지 가고 싶어요,연신내역,왕십리역,연신내 여기,왕십리력,all_noisy_station_surface,route_search,train
송파약 에서 혜화에 까지 가고 싶어요,송파역,혜화역,송파약,혜화에,all_noisy_station_surface,route_search,train
서울에 까지 가야 하는데 홍대 입구 여기 에서 어떻게 가요,홍대입구역,서울역,홍대 입구 여기,서울에,all_noisy_station_surface,route_search,train
마곡 에서 상수약 까지 가고 싶어요,마곡역,상수역,마곡,상수약,all_noisy_station_surface,route_search,train
노량진력 에서 출발해서 신설동력 까지 가고 싶어요,노량진역,신설동역,노량진력,신설동력,all_noisy_station_surface,route_search,train
우장산약 에서 봉은사력 까지 제일 쉬운 길 알려줘,우장산역,봉은사역,우장산약,봉은사력,all_noisy_station_surface,route_search,train
대치약 에서 성신여대입구약 까지 가는 길 알려줘,대치역,성신여대입구역,대치약,성신여대입구약,all_noisy_station_surface,route_search,train
혜화 역 에서 한강진약 까지 다른 방법 알려줘,혜화역,한강진역,혜화 역,한강진약,all_noisy_station_surface,alternative_route,train
을지로입구역이 에서 서울 까지 가는 길 알려줘,을지로입구역,서울역,을지로입구역이,서울,all_noisy_station_surface,route_search,train
종각 여기 까지 가야 하는데 마포역이 에서 어떻게 가요,마포역,종각역,마포역이,종각 여기,all_noisy_station_surface,route_search,train
가산디지털단지 출발 마곡약 도착 경로 알려줘,가산디지털단지역,마곡역,가산디지털단지,마곡약,all_noisy_station_surface,route_search,train
우장산 여기 방향 막차 뚝섬역이 에서 탈 수 있나요,뚝섬역,우장산역,뚝섬역이,우장산 여기,all_noisy_station_surface,last_train_check,train
양재 역 부터 신설동 역 까지 대중교통 알려줘,양재역,신설동역,양재 역,신설동 역,all_noisy_station_surface,route_search,train
가락시장 역 부터 혜화 까지 대중교통 알려줘,가락시장역,혜화역,가락시장 역,혜화,all_noisy_station_surface,route_search,train
도곡 역 에서 출발해서 오목교약 까지 가고 싶어요,도곡역,오목교역,도곡 역,오목교약,all_noisy_station_surface,route_search,train
시청에 에서 숙대 이꾸역 까지 막차 남았어,시청역,숙대입구역,시청에,숙대 이꾸역,all_noisy_station_surface,last_train_check,train
마곡약 에서 이촌 역 까지 가고 싶어요,마곡역,이촌역,마곡약,이촌 역,all_noisy_station_surface,route_search,train
을지 로입구 방향 막차 사울역 에서 탈 수 있나요,서울역,을지로입구역,사울역,을지 로입구,all_noisy_station_surface,last_train_check,train
서을역 에서 숙대입구력 까지 가고 싶어요,서울역,숙대입구역,서을역,숙대입구력,all_noisy_station_surface,route_search,train
애오개약 에서 역삼력 까지 가는 길 알려줘,애오개역,역삼역,애오개약,역삼력,all_noisy_station_surface,route_search,train
강남 에서 숙대 입고 여기 까지 택시 말고 가는 방법 있어,강남역,숙대입구역,강남,숙대 입고 여기,all_noisy_station_surface,alternative_route,train
서울약 에서 홍대 입구 까지 환승 적은 경로 알려줘,서울역,홍대입구역,서울약,홍대 입구,all_noisy_station_surface,route_search,train
구로디지털단지 역 출발 동대문역이 도착 경로 알려줘,구로디지털단지역,동대문역,구로디지털단지 역,동대문역이,all_noisy_station_surface,route_search,train
숙대입구 까지 가야 하는데 강남 역 에서 어떻게 가요,강남역,숙대입구역,강남 역,숙대입구,all_noisy_station_surface,route_search,train
신설 동 에서 구파발 여기 까지 제일 쉬운 길 알려줘,신설동역,구파발역,신설 동,구파발 여기,all_noisy_station_surface,route_search,train
월드컵 경기장 에서 녹사평약 까지 막차 남았어,월드컵경기장역,녹사평역,월드컵 경기장,녹사평약,all_noisy_station_surface,last_train_check,train
서울 여기 에서 숙대입구 까지 가고 싶어요,서울역,숙대입구역,서울 여기,숙대입구,all_noisy_station_surface,route_search,train
디지털미디어시티력 에서 출발해서 오금력 까지 가고 싶어요,디지털미디어시티역,오금역,디지털미디어시티력,오금력,all_noisy_station_surface,route_search,train
화곡 역 에서 연신내역이 까지 막차 끊겼나요,화곡역,연신내역,화곡 역,연신내역이,all_noisy_station_surface,last_train_check,train
서울 녁 에서 숙대 입구 까지 지하철 없으면 버스로 갈 수 있어요,서울역,숙대입구역,서울 녁,숙대 입구,all_noisy_station_surface,alternative_route,train
한강진력 에서 출발해서 압구정로데오 까지 가고 싶어요,한강진역,압구정로데오역,한강진력,압구정로데오,all_noisy_station_surface,route_search,train
서울역이 출발 을지로 입고 도착 경로 알려줘,서울역,을지로입구역,서울역이,을지로 입고,all_noisy_station_surface,route_search,train
구로역이 에서 종각에 까지 환승 적은 경로 알려줘,구로역,종각역,구로역이,종각에,all_noisy_station_surface,route_search,train
여의도약 까지 가야 하는데 매봉 역 에서 어떻게 가요,매봉역,여의도역,매봉 역,여의도약,all_noisy_station_surface,route_search,train
지금 김포공항 여기 에서 제기동에 까지 막차 탈 수 있어,김포공항역,제기동역,김포공항 여기,제기동에,all_noisy_station_surface,last_train_check,train
아현 에서 출발해서 잠실새내력 까지 가고 싶어요,아현역,잠실새내역,아현,잠실새내력,all_noisy_station_surface,route_search,train
압구 정 에서 화곡에 까지 지하철 없으면 버스로 갈 수 있어요,압구정역,화곡역,압구 정,화곡에,all_noisy_station_surface,alternative_route,train
월드컵경기장약 에서 광화문 여기 까지 지하철 운행 중이야,월드컵경기장역,광화문역,월드컵경기장약,광화문 여기,all_noisy_station_surface,subway_availability_check,train
상봉에 에서 광화문약 까지 제일 쉬운 길 알려줘,상봉역,광화문역,상봉에,광화문약,all_noisy_station_surface,route_search,train
뚝섬력 에서 한성데입구 까지 지하철 운행 중이야,뚝섬역,한성대입구역,뚝섬력,한성데입구,all_noisy_station_surface,subway_availability_check,train
시청 여기 에서 숙대 입고 여기 까지 가고 싶어요,시청역,숙대입구역,시청 여기,숙대 입고 여기,all_noisy_station_surface,route_search,train
사울약 에서 홍대 입구 여기 까지 택시 말고 가는 방법 있어,서울역,홍대입구역,사울약,홍대 입구 여기,all_noisy_station_surface,alternative_route,train
홍대입고 부터 서울 까지 대중교통 알려줘,홍대입구역,서울역,홍대입고,서울,all_noisy_station_surface,route_search,train
숙대입구역이 부터 사당 역 까지 대중교통 알려줘,숙대입구역,사당역,숙대입구역이,사당 역,all_noisy_station_surface,route_search,train
압구 정로데오 에서 오목교 역 까지 다른 방법 알려줘,압구정로데오역,오목교역,압구 정로데오,오목교 역,all_noisy_station_surface,alternative_route,train
오목교력 출발 뚝섬약 도착 경로 알려줘,오목교역,뚝섬역,오목교력,뚝섬약,all_noisy_station_surface,route_search,train
을지로 이꾸역 부터 신설동력 까지 대중교통 알려줘,을지로입구역,신설동역,을지로 이꾸역,신설동력,all_noisy_station_surface,route_search,train
망원 여기 에서 오목교에 까지 지하철 운행 중이야,망원역,오목교역,망원 여기,오목교에,all_noisy_station_surface,subway_availability_check,train
사당에 에서 서월역 까지 지금 지하철 탈 수 있어,사당역,서울역,사당에,서월역,all_noisy_station_surface,subway_availability_check,train
숙대 입구역 까지 가야 하는데 강남약 에서 어떻게 가요,강남역,숙대입구역,강남약,숙대 입구역,all_noisy_station_surface,route_search,train
압구정 로데오역 에서 월드컵경기장 여기 까지 어떻게 가나요,압구정로데오역,월드컵경기장역,압구정 로데오역,월드컵경기장 여기,all_noisy_station_surface,route_search,train
봉은사 여기 출발 수서 도착 경로 알려줘,봉은사역,수서역,봉은사 여기,수서,all_noisy_station_surface,route_search,train
구파발 여기 부터 녹사평약 까지 대중교통 알려줘,구파발역,녹사평역,구파발 여기,녹사평약,all_noisy_station_surface,route_search,train
용산에 에서 신설동에 까지 택시 말고 가는 방법 있어,용산역,신설동역,용산에,신설동에,all_noisy_station_surface,alternative_route,train
고속터미널력 에서 압구정에 까지 어떻게 가나요,고속터미널역,압구정역,고속터미널력,압구정에,all_noisy_station_surface,route_search,train
홍대입구 여기 출발 서을역 도착 경로 알려줘,홍대입구역,서울역,홍대입구 여기,서을역,all_noisy_station_surface,route_search,train
양재 에서 마포구청력 까지 환승 적은 경로 알려줘,양재역,마포구청역,양재,마포구청력,all_noisy_station_surface,route_search,train
제기동약 에서 월드컵경기장 까지 지하철 운행 중이야,제기동역,월드컵경기장역,제기동약,월드컵경기장,all_noisy_station_surface,subway_availability_check,train
신도림 역 부터 구로디지털단지 까지 대중교통 알려줘,신도림역,구로디지털단지역,신도림 역,구로디지털단지,all_noisy_station_surface,route_search,train
서울에 에서 숙대입구력 까지 마지막 지하철 있어,서울역,숙대입구역,서울에,숙대입구력,all_noisy_station_surface,last_train_check,train
공덕 여기 방향 막차 개봉에 에서 탈 수 있나요,개봉역,공덕역,개봉에,공덕 여기,all_noisy_station_surface,last_train_check,train
방이 에서 공덕 역 까지 환승 적은 경로 알려줘,방이역,공덕역,방이,공덕 역,all_noisy_station_surface,route_search,train
강남력 에서 숙대 입구 까지 지하철 없으면 버스로 갈 수 있어요,강남역,숙대입구역,강남력,숙대 입구,all_noisy_station_surface,alternative_route,train
삼성역이 까지 가야 하는데 신도림 여기 에서 어떻게 가요,신도림역,삼성역,신도림 여기,삼성역이,all_noisy_station_surface,route_search,train
서울 에서 을지로 입구역 까지 다른 방법 알려줘,서울역,을지로입구역,서울,을지로 입구역,all_noisy_station_surface,alternative_route,train
월드컵경기장력 부터 한강 진 까지 대중교통 알려줘,월드컵경기장역,한강진역,월드컵경기장력,한강 진,all_noisy_station_surface,route_search,train
사울약 출발 을지로입구에 도착 경로 알려줘,서울역,을지로입구역,사울약,을지로입구에,all_noisy_station_surface,route_search,train
신설동력 에서 공덕 역 까지 막차 남았어,신설동역,공덕역,신설동력,공덕 역,all_noisy_station_surface,last_train_check,train
숙대 입구 에서 출발해서 서울역이 까지 가고 싶어요,숙대입구역,서울역,숙대 입구,서울역이,all_noisy_station_surface,route_search,train
강남력 에서 녹사평 역 까지 가고 싶어요,강남역,녹사평역,강남력,녹사평 역,all_noisy_station_surface,route_search,train
지금 가락 시장 에서 대림 까지 막차 탈 수 있어,가락시장역,대림역,가락 시장,대림,all_noisy_station_surface,last_train_check,train
명동역이 에서 이태원 여기 까지 어떻게 가나요,명동역,이태원역,명동역이,이태원 여기,all_noisy_station_surface,route_search,train
강남역이 에서 숙대입구역이 까지 택시 말고 가는 방법 있어,강남역,숙대입구역,강남역이,숙대입구역이,all_noisy_station_surface,alternative_route,train
사당약 에서 서울에 까지 지하철 없으면 버스로 갈 수 있어요,사당역,서울역,사당약,서울에,all_noisy_station_surface,alternative_route,train
종각약 에서 둔촌동 역 까지 막차 끊겼나요,종각역,둔촌동역,종각약,둔촌동 역,all_noisy_station_surface,last_train_check,train
신도림약 부터 화곡 여기 까지 대중교통 알려줘,신도림역,화곡역,신도림약,화곡 여기,all_noisy_station_surface,route_search,train
한성대입구 역 에서 도곡 까지 마지막 지하철 있어,한성대입구역,도곡역,한성대입구 역,도곡,all_noisy_station_surface,last_train_check,train
서울역이 에서 홍대입구 여기 까지 제일 쉬운 길 알려줘,서울역,홍대입구역,서울역이,홍대입구 여기,all_noisy_station_surface,route_search,train
홍대 입고 출발 숙대 입구역 도착 경로 알려줘,홍대입구역,숙대입구역,홍대 입고,숙대 입구역,all_noisy_station_surface,route_search,train
용산에 에서 을지로입구에 까지 막차 끊겼나요,용산역,을지로입구역,용산에,을지로입구에,all_noisy_station_surface,last_train_check,train
서월역 까지 가야 하는데 숙대 입구역 에서 어떻게 가요,숙대입구역,서울역,숙대 입구역,서월역,all_noisy_station_surface,route_search,train
시청역이 부터 숙대입구 까지 대중교통 알려줘,시청역,숙대입구역,시청역이,숙대입구,all_noisy_station_surface,route_search,train
종합운동장 출발 신촌 역 도착 경로 알려줘,종합운동장역,신촌역,종합운동장,신촌 역,all_noisy_station_surface,route_search,train
수유약 출발 노량 진 도착 경로 알려줘,수유역,노량진역,수유약,노량 진,all_noisy_station_surface,route_search,train
을지로입구 여기 에서 서울에 까지 어떻게 가나요,을지로입구역,서울역,을지로입구 여기,서울에,all_noisy_station_surface,route_search,train
숙대입구역이 에서 서월역 까지 막차 남았어,숙대입구역,서울역,숙대입구역이,서월역,all_noisy_station_surface,last_train_check,train
사당 에서 서월역 까지 지금 지하철 탈 수 있어,사당역,서울역,사당,서월역,all_noisy_station_surface,subway_availability_check,train
가락시장에 에서 서울약 까지 막차 남았어,가락시장역,서울역,가락시장에,서울약,all_noisy_station_surface,last_train_check,train
숙대입구 역 에서 서울 녁 까지 막차 끊겼나요,숙대입구역,서울역,숙대입구 역,서울 녁,all_noisy_station_surface,last_train_check,train
지금 봉은사력 에서 압구정에 까지 막차 탈 수 있어,봉은사역,압구정역,봉은사력,압구정에,all_noisy_station_surface,last_train_check,train
강남 여기 에서 숙대입고 까지 지하철 없으면 버스로 갈 수 있어요,강남역,숙대입구역,강남 여기,숙대입고,all_noisy_station_surface,alternative_route,train
충정로력 에서 출발해서 동대 문 까지 가고 싶어요,충정로역,동대문역,충정로력,동대 문,all_noisy_station_surface,route_search,train
개봉에 에서 문정력 까지 지하철 운행 중이야,개봉역,문정역,개봉에,문정력,all_noisy_station_surface,subway_availability_check,train
을지로 입구역 방향 막차 용산 에서 탈 수 있나요,용산역,을지로입구역,용산,을지로 입구역,all_noisy_station_surface,last_train_check,train
망원역이 에서 여의도에 까지 지하철 운행 중이야,망원역,여의도역,망원역이,여의도에,all_noisy_station_surface,subway_availability_check,train
오금약 에서 홍제력 까지 가는 길 알려줘,오금역,홍제역,오금약,홍제력,all_noisy_station_surface,route_search,train
화곡 여기 부터 개봉약 까지 대중교통 알려줘,화곡역,개봉역,화곡 여기,개봉약,all_noisy_station_surface,route_search,train
숙대입구력 방향 막차 홍대 입고 에서 탈 수 있나요,홍대입구역,숙대입구역,홍대 입고,숙대입구력,all_noisy_station_surface,last_train_check,train
독립문약 부터 매봉 까지 대중교통 알려줘,독립문역,매봉역,독립문약,매봉,all_noisy_station_surface,route_search,train
구로 역 에서 방이에 까지 지금 지하철 탈 수 있어,구로역,방이역,구로 역,방이에,all_noisy_station_surface,subway_availability_check,train
종합운동장 에서 강변약 까지 지금 지하철 탈 수 있어,종합운동장역,강변역,종합운동장,강변약,all_noisy_station_surface,subway_availability_check,train
사당력 에서 사울약 까지 다른 방법 알려줘,사당역,서울역,사당력,사울약,all_noisy_station_surface,alternative_route,train
녹사 평 방향 막차 마곡 역 에서 탈 수 있나요,마곡역,녹사평역,마곡 역,녹사 평,all_noisy_station_surface,last_train_check,train
수서 여기 방향 막차 성수 여기 에서 탈 수 있나요,성수역,수서역,성수 여기,수서 여기,all_noisy_station_surface,last_train_check,train
당산 여기 에서 충정로역이 까지 택시 말고 가는 방법 있어,당산역,충정로역,당산 여기,충정로역이,all_noisy_station_surface,alternative_route,train
지금 신촌 여기 에서 방이력 까지 막차 탈 수 있어,신촌역,방이역,신촌 여기,방이력,all_noisy_station_surface,last_train_check,train
방이 에서 역삼역이 까지 막차 남았어,방이역,역삼역,방이,역삼역이,all_noisy_station_surface,last_train_check,train
천호에 에서 신설동에 까지 가는 길 알려줘,천호역,신설동역,천호에,신설동에,all_noisy_station_surface,route_search,train
여의도약 에서 도곡역이 까지 막차 남았어,여의도역,도곡역,여의도약,도곡역이,all_noisy_station_surface,last_train_check,train
화곡 부터 구의 까지 대중교통 알려줘,화곡역,구의역,화곡,구의,all_noisy_station_surface,route_search,train
을지 로입구 에서 서울 역 까지 지금 지하철 탈 수 있어,을지로입구역,서울역,을지 로입구,서울 역,all_noisy_station_surface,subway_availability_check,train
서울 녁 에서 홍대 입구 까지 가는 길 알려줘,서울역,홍대입구역,서울 녁,홍대 입구,all_noisy_station_surface,route_search,train
녹번약 에서 사당력 까지 택시 말고 가는 방법 있어,녹번역,사당역,녹번약,사당력,all_noisy_station_surface,alternative_route,train
노량진 에서 종로3가에 까지 지하철 운행 중이야,노량진역,종로3가역,노량진,종로3가에,all_noisy_station_surface,subway_availability_check,train
을지로입고 에서 서을역 까지 막차 끊겼으면 어떻게 가,을지로입구역,서울역,을지로입고,서을역,all_noisy_station_surface,alternative_route,train
수유약 방향 막차 당산 에서 탈 수 있나요,당산역,수유역,당산,수유약,all_noisy_station_surface,last_train_check,train
홍대입고역 에서 숙대 입구 여기 까지 환승 적은 경로 알려줘,홍대입구역,숙대입구역,홍대입고역,숙대 입구 여기,all_noisy_station_surface,route_search,train
삼성에 방향 막차 방이 여기 에서 탈 수 있나요,방이역,삼성역,방이 여기,삼성에,all_noisy_station_surface,last_train_check,train
광화문 역 까지 가야 하는데 연신내약 에서 어떻게 가요,연신내역,광화문역,연신내약,광화문 역,all_noisy_station_surface,route_search,train
압구정 로데오 부터 녹사평력 까지 대중교통 알려줘,압구정로데오역,녹사평역,압구정 로데오,녹사평력,all_noisy_station_surface,route_search,train
학여울 부터 종로 삼가역 까지 대중교통 알려줘,학여울역,종로3가역,학여울,종로 삼가역,all_noisy_station_surface,route_search,train
석촌역이 에서 매봉 역 까지 막차 남았어,석촌역,매봉역,석촌역이,매봉 역,all_noisy_station_surface,last_train_check,train
홍대 이꾸역 방향 막차 발산약 에서 탈 수 있나요,발산역,홍대입구역,발산약,홍대 이꾸역,all_noisy_station_surface,last_train_check,train
구의에 에서 개봉력 까지 가는 길 알려줘,구의역,개봉역,구의에,개봉력,all_noisy_station_surface,route_search,train
무악 재 에서 우장산력 까지 택시 말고 가는 방법 있어,무악재역,우장산역,무악 재,우장산력,all_noisy_station_surface,alternative_route,train
합정력 에서 녹번 역 까지 막차 끊겼으면 어떻게 가,합정역,녹번역,합정력,녹번 역,all_noisy_station_surface,alternative_route,train
안국력 에서 화곡역이 까지 가고 싶어요,안국역,화곡역,안국력,화곡역이,all_noisy_station_surface,route_search,train
시청에 에서 출발해서 숙대 입구 까지 가고 싶어요,시청역,숙대입구역,시청에,숙대 입구,all_noisy_station_surface,route_search,train
숙대 입구역 에서 출발해서 사울약 까지 가고 싶어요,숙대입구역,서울역,숙대 입구역,사울약,all_noisy_station_surface,route_search,train
을지로입구에 에서 구파발 역 까지 다른 방법 알려줘,을지로입구역,구파발역,을지로입구에,구파발 역,all_noisy_station_surface,alternative_route,train
사당 역 에서 사울역 까지 환승 적은 경로 알려줘,사당역,서울역,사당 역,사울역,all_noisy_station_surface,route_search,train
청량리 에서 이태원 역 까지 막차 끊겼으면 어떻게 가,청량리역,이태원역,청량리,이태원 역,all_noisy_station_surface,alternative_route,train
장지 여기 방향 막차 가락시장 에서 탈 수 있나요,가락시장역,장지역,가락시장,장지 여기,all_noisy_station_surface,last_train_check,train
상봉에 에서 동대문역이 까지 어떻게 가나요,상봉역,동대문역,상봉에,동대문역이,all_noisy_station_surface,route_search,train
뚝섬 여기 에서 시청력 까지 제일 쉬운 길 알려줘,뚝섬역,시청역,뚝섬 여기,시청력,all_noisy_station_surface,route_search,train
양재역이 에서 오금 까지 택시 말고 가는 방법 있어,양재역,오금역,양재역이,오금,all_noisy_station_surface,alternative_route,train
대치 여기 에서 상수 역 까지 마지막 지하철 있어,대치역,상수역,대치 여기,상수 역,all_noisy_station_surface,last_train_check,train
서울에 에서 홍대 입고 까지 지하철 운행 중이야,서울역,홍대입구역,서울에,홍대 입고,all_noisy_station_surface,subway_availability_check,train
복정에 에서 연신 내 까지 막차 끊겼으면 어떻게 가,복정역,연신내역,복정에,연신 내,all_noisy_station_surface,alternative_route,train
수유 역 에서 문정역이 까지 가고 싶어요,수유역,문정역,수유 역,문정역이,all_noisy_station_surface,route_search,train
여의도역이 에서 개봉역이 까지 막차 끊겼나요,여의도역,개봉역,여의도역이,개봉역이,all_noisy_station_surface,last_train_check,train
지금 동대문역사문화공원 여기 에서 마곡 여기 까지 막차 탈 수 있어,동대문역사문화공원역,마곡역,동대문역사문화공원 여기,마곡 여기,all_noisy_station_surface,last_train_check,train
개봉력 방향 막차 이데 에서 탈 수 있나요,이대역,개봉역,이데,개봉력,all_noisy_station_surface,last_train_check,train
을지로입고 에서 서을역 까지 제일 쉬운 길 알려줘,을지로입구역,서울역,을지로입고,서을역,all_noisy_station_surface,route_search,train
서울역이 에서 숙대입고역 까지 가고 싶어요,서울역,숙대입구역,서울역이,숙대입고역,all_noisy_station_surface,route_search,train
마포 여기 에서 여의도에 까지 지하철 운행 중이야,마포역,여의도역,마포 여기,여의도에,all_noisy_station_surface,subway_availability_check,train
김포 공항역 에서 잠실약 까지 막차 끊겼나요,김포공항역,잠실역,김포 공항역,잠실약,all_noisy_station_surface,last_train_check,train
봉은사력 에서 화곡에 까지 막차 남았어,봉은사역,화곡역,봉은사력,화곡에,all_noisy_station_surface,last_train_check,train
학여 울역 에서 삼성에 까지 어떻게 가나요,학여울역,삼성역,학여 울역,삼성에,all_noisy_station_surface,route_search,train
서울 에서 을지로입구약 까지 막차 끊겼으면 어떻게 가,서울역,을지로입구역,서울,을지로입구약,all_noisy_station_surface,alternative_route,train
서을역 에서 을지로입구에 까지 지하철 운행 중이야,서울역,을지로입구역,서을역,을지로입구에,all_noisy_station_surface,subway_availability_check,train
도곡약 에서 장지 역 까지 막차 남았어,도곡역,장지역,도곡약,장지 역,all_noisy_station_surface,last_train_check,train
시청력 에서 숙대입구역이 까지 가는 길 알려줘,시청역,숙대입구역,시청력,숙대입구역이,all_noisy_station_surface,route_search,train
수유역이 에서 애오개력 까지 마지막 지하철 있어,수유역,애오개역,수유역이,애오개력,all_noisy_station_surface,last_train_check,train
건대입구약 에서 홍제 역 까지 환승 적은 경로 알려줘,건대입구역,홍제역,건대입구약,홍제 역,all_noisy_station_surface,route_search,train
시청역이 에서 숙대 입구 까지 환승 적은 경로 알려줘,시청역,숙대입구역,시청역이,숙대 입구,all_noisy_station_surface,route_search,train
신림약 에서 동대 문역사문화공원 까지 지하철 운행 중이야,신림역,동대문역사문화공원역,신림약,동대 문역사문화공원,all_noisy_station_surface,subway_availability_check,train
이대 에서 학여울약 까지 마지막 지하철 있어,이대역,학여울역,이대,학여울약,all_noisy_station_surface,last_train_check,train
오금력 에서 방이약 까지 지금 지하철 탈 수 있어,오금역,방이역,오금력,방이약,all_noisy_station_surface,subway_availability_check,train
지금 숙대입구력 에서 서울 까지 막차 탈 수 있어,숙대입구역,서울역,숙대입구력,서울,all_noisy_station_surface,last_train_check,train
숙대입구력 에서 서울력 까지 막차 끊겼으면 어떻게 가,숙대입구역,서울역,숙대입구력,서울력,all_noisy_station_surface,alternative_route,train
사당 역 에서 서울약 까지 어떻게 가나요,사당역,서울역,사당 역,서울약,all_noisy_station_surface,route_search,train
신도림역이 에서 월드컵경기장 까지 어떻게 가나요,신도림역,월드컵경기장역,신도림역이,월드컵경기장,all_noisy_station_surface,route_search,train
까치산 까지 가야 하는데 가산디지털 단지역 에서 어떻게 가요,가산디지털단지역,까치산역,가산디지털 단지역,까치산,all_noisy_station_surface,route_search,train
압구 정 에서 성신여대 입고 까지 지하철 운행 중이야,압구정역,성신여대입구역,압구 정,성신여대 입고,all_noisy_station_surface,subway_availability_check,train
송파 역 에서 종각 여기 까지 마지막 지하철 있어,송파역,종각역,송파 역,종각 여기,all_noisy_station_surface,last_train_check,train
이태원 여기 에서 올림픽공원에 까지 지하철 운행 중이야,이태원역,올림픽공원역,이태원 여기,올림픽공원에,all_noisy_station_surface,subway_availability_check,train
숙대 입고 여기 에서 서울역이 까지 다른 방법 알려줘,숙대입구역,서울역,숙대 입고 여기,서울역이,all_noisy_station_surface,alternative_route,train
종합운동장역이 에서 천호 까지 제일 쉬운 길 알려줘,종합운동장역,천호역,종합운동장역이,천호,all_noisy_station_surface,route_search,train
압구정에 출발 한강진약 도착 경로 알려줘,압구정역,한강진역,압구정에,한강진약,all_noisy_station_surface,route_search,train
마포구청에 에서 가디역 까지 막차 끊겼으면 어떻게 가,마포구청역,가산디지털단지역,마포구청에,가디역,all_noisy_station_surface,alternative_route,train
지금 대치 여기 에서 역삼약 까지 막차 탈 수 있어,대치역,역삼역,대치 여기,역삼약,all_noisy_station_surface,last_train_check,train
을지로입구 여기 방향 막차 서울 에서 탈 수 있나요,서울역,을지로입구역,서울,을지로입구 여기,all_noisy_station_surface,last_train_check,train
충정 로 에서 디지 털미디어시티 까지 환승 적은 경로 알려줘,충정로역,디지털미디어시티역,충정 로,디지 털미디어시티,all_noisy_station_surface,route_search,train
아현역이 에서 광화문력 까지 제일 쉬운 길 알려줘,아현역,광화문역,아현역이,광화문력,all_noisy_station_surface,route_search,train
홍대입구역이 에서 서울력 까지 다른 방법 알려줘,홍대입구역,서울역,홍대입구역이,서울력,all_noisy_station_surface,alternative_route,train
우장산에 까지 가야 하는데 구로역이 에서 어떻게 가요,구로역,우장산역,구로역이,우장산에,all_noisy_station_surface,route_search,train
대림력 에서 녹번 역 까지 지금 지하철 탈 수 있어,대림역,녹번역,대림력,녹번 역,all_noisy_station_surface,subway_availability_check,train
천호약 방향 막차 강변약 에서 탈 수 있나요,강변역,천호역,강변약,천호약,all_noisy_station_surface,last_train_check,train
종합운동장 여기 에서 시청에 까지 다른 방법 알려줘,종합운동장역,시청역,종합운동장 여기,시청에,all_noisy_station_surface,alternative_route,train
구의력 에서 출발해서 오목 교 까지 가고 싶어요,구의역,오목교역,구의력,오목 교,all_noisy_station_surface,route_search,train
혜화에 까지 가야 하는데 망원약 에서 어떻게 가요,망원역,혜화역,망원약,혜화에,all_noisy_station_surface,route_search,train
홍대입고역 출발 서월역 도착 경로 알려줘,홍대입구역,서울역,홍대입고역,서월역,all_noisy_station_surface,route_search,train
독립문 여기 방향 막차 성신여대입구 역 에서 탈 수 있나요,성신여대입구역,독립문역,성신여대입구 역,독립문 여기,all_noisy_station_surface,last_train_check,train
구로에 부터 성수약 까지 대중교통 알려줘,구로역,성수역,구로에,성수약,all_noisy_station_surface,route_search,train
압구정 로데오역 까지 가야 하는데 매봉력 에서 어떻게 가요,매봉역,압구정로데오역,매봉력,압구정 로데오역,all_noisy_station_surface,route_search,train
서울 역 에서 숙대 입구 까지 지하철 없으면 버스로 갈 수 있어요,서울역,숙대입구역,서울 역,숙대 입구,all_noisy_station_surface,alternative_route,train
홍대 입구 에서 서울 여기 까지 가고 싶어요,홍대입구역,서울역,홍대 입구,서울 여기,all_noisy_station_surface,route_search,train
고속터미널약 에서 발산 까지 제일 쉬운 길 알려줘,고속터미널역,발산역,고속터미널약,발산,all_noisy_station_surface,route_search,train
지금 까치산약 에서 대치 여기 까지 막차 탈 수 있어,까치산역,대치역,까치산약,대치 여기,all_noisy_station_surface,last_train_check,train
시청역이 까지 가야 하는데 화곡 여기 에서 어떻게 가요,화곡역,시청역,화곡 여기,시청역이,all_noisy_station_surface,route_search,train
대치 역 에서 충정로 여기 까지 제일 쉬운 길 알려줘,대치역,충정로역,대치 역,충정로 여기,all_noisy_station_surface,route_search,train
사울약 에서 을지로입구 역 까지 다른 방법 알려줘,서울역,을지로입구역,사울약,을지로입구 역,all_noisy_station_surface,alternative_route,train
수서약 에서 교데 까지 제일 쉬운 길 알려줘,수서역,교대역,수서약,교데,all_noisy_station_surface,route_search,train
서울 에서 숙대 입구 여기 까지 막차 끊겼으면 어떻게 가,서울역,숙대입구역,서울,숙대 입구 여기,all_noisy_station_surface,alternative_route,train
구의력 에서 동대문역사문화공원 까지 어떻게 가나요,구의역,동대문역사문화공원역,구의력,동대문역사문화공원,all_noisy_station_surface,route_search,train
지금 당산약 에서 디지털미디어시티력 까지 막차 탈 수 있어,당산역,디지털미디어시티역,당산약,디지털미디어시티력,all_noisy_station_surface,last_train_check,train
오목교 역 에서 신촌 여기 까지 가는 길 알려줘,오목교역,신촌역,오목교 역,신촌 여기,all_noisy_station_surface,route_search,train
을지로 입고 까지 가야 하는데 서울 여기 에서 어떻게 가요,서울역,을지로입구역,서울 여기,을지로 입고,all_noisy_station_surface,route_search,train
충정로약 부터 한강진 여기 까지 대중교통 알려줘,충정로역,한강진역,충정로약,한강진 여기,all_noisy_station_surface,route_search,train
동대문역사문화공원 여기 에서 영등포력 까지 지금 지하철 탈 수 있어,동대문역사문화공원역,영등포역,동대문역사문화공원 여기,영등포력,all_noisy_station_surface,subway_availability_check,train
홍데입구 에서 숙대입구력 까지 지금 지하철 탈 수 있어,홍대입구역,숙대입구역,홍데입구,숙대입구력,all_noisy_station_surface,subway_availability_check,train
동대문 여기 에서 올림픽공원에 까지 제일 쉬운 길 알려줘,동대문역,올림픽공원역,동대문 여기,올림픽공원에,all_noisy_station_surface,route_search,train
이촌약 방향 막차 디지털 미디어 시티역 에서 탈 수 있나요,디지털미디어시티역,이촌역,디지털 미디어 시티역,이촌약,all_noisy_station_surface,last_train_check,train
발산역이 에서 성수력 까지 택시 말고 가는 방법 있어,발산역,성수역,발산역이,성수력,all_noisy_station_surface,alternative_route,train
대림 에서 수서에 까지 지하철 운행 중이야,대림역,수서역,대림,수서에,all_noisy_station_surface,subway_availability_check,train
서울력 에서 홍대입구력 까지 마지막 지하철 있어,서울역,홍대입구역,서울력,홍대입구력,all_noisy_station_surface,last_train_check,train
성수 에서 합정에 까지 택시 말고 가는 방법 있어,성수역,합정역,성수,합정에,all_noisy_station_surface,alternative_route,train
충무 로 에서 불광약 까지 마지막 지하철 있어,충무로역,불광역,충무 로,불광약,all_noisy_station_surface,last_train_check,train
회현 부터 합정에 까지 대중교통 알려줘,회현역,합정역,회현,합정에,all_noisy_station_surface,route_search,train
홍대입구역이 에서 숙대입구 여기 까지 가는 길 알려줘,홍대입구역,숙대입구역,홍대입구역이,숙대입구 여기,all_noisy_station_surface,route_search,train
용산역이 에서 둔촌동 여기 까지 환승 적은 경로 알려줘,용산역,둔촌동역,용산역이,둔촌동 여기,all_noisy_station_surface,route_search,train
마곡 역 방향 막차 건대입구역이 에서 탈 수 있나요,건대입구역,마곡역,건대입구역이,마곡 역,all_noisy_station_surface,last_train_check,train
마포구청 에서 출발해서 성신여대입구 여기 까지 가고 싶어요,마포구청역,성신여대입구역,마포구청,성신여대입구 여기,all_noisy_station_surface,route_search,train
시청 역 에서 숙대입고 까지 가고 싶어요,시청역,숙대입구역,시청 역,숙대입고,all_noisy_station_surface,route_search,train
잠실 새내 출발 애오개에 도착 경로 알려줘,잠실새내역,애오개역,잠실 새내,애오개에,all_noisy_station_surface,route_search,train
녹사평 에서 충무로력 까지 지하철 운행 중이야,녹사평역,충무로역,녹사평,충무로력,all_noisy_station_surface,subway_availability_check,train
을지로입구역이 부터 용산력 까지 대중교통 알려줘,을지로입구역,용산역,을지로입구역이,용산력,all_noisy_station_surface,route_search,train
지금 숙데입구 에서 도곡에 까지 막차 탈 수 있어,숙대입구역,도곡역,숙데입구,도곡에,all_noisy_station_surface,last_train_check,train
동대문역이 부터 사당 까지 대중교통 알려줘,동대문역,사당역,동대문역이,사당,all_noisy_station_surface,route_search,train
숙대 입국역 에서 서울 여기 까지 다른 방법 알려줘,숙대입구역,서울역,숙대 입국역,서울 여기,all_noisy_station_surface,alternative_route,train
사당역이 에서 충정로력 까지 환승 적은 경로 알려줘,사당역,충정로역,사당역이,충정로력,all_noisy_station_surface,route_search,train
마포 역 에서 매봉 역 까지 어떻게 가나요,마포역,매봉역,마포 역,매봉 역,all_noisy_station_surface,route_search,train
숙대 입고 여기 까지 가야 하는데 시청 여기 에서 어떻게 가요,시청역,숙대입구역,시청 여기,숙대 입고 여기,all_noisy_station_surface,route_search,train
천호 역 부터 합정역이 까지 대중교통 알려줘,천호역,합정역,천호 역,합정역이,all_noisy_station_surface,route_search,train
홍대입구역이 에서 상수약 까지 막차 남았어,홍대입구역,상수역,홍대입구역이,상수약,all_noisy_station_surface,last_train_check,train
서울력 에서 을지 로입구 까지 택시 말고 가는 방법 있어,서울역,을지로입구역,서울력,을지 로입구,all_noisy_station_surface,alternative_route,train
숙대 입구 여기 에서 서을역 까지 제일 쉬운 길 알려줘,숙대입구역,서울역,숙대 입구 여기,서을역,all_noisy_station_surface,route_search,train
강남 역 에서 시청 역 까지 가고 싶어요,강남역,시청역,강남 역,시청 역,all_noisy_station_surface,route_search,train
우장산 에서 한강 진 까지 환승 적은 경로 알려줘,우장산역,한강진역,우장산,한강 진,all_noisy_station_surface,route_search,train
무악재약 에서 망원에 까지 다른 방법 알려줘,무악재역,망원역,무악재약,망원에,all_noisy_station_surface,alternative_route,train
지금 을지로 이꾸역 에서 상수역이 까지 막차 탈 수 있어,을지로입구역,상수역,을지로 이꾸역,상수역이,all_noisy_station_surface,last_train_check,train
지금 압구정로데오력 에서 건대입구 까지 막차 탈 수 있어,압구정로데오역,건대입구역,압구정로데오력,건대입구,all_noisy_station_surface,last_train_check,train
서울역이 에서 홍대입구력 까지 막차 끊겼나요,서울역,홍대입구역,서울역이,홍대입구력,all_noisy_station_surface,last_train_check,train
서울 여기 에서 홍대입구약 까지 다른 방법 알려줘,서울역,홍대입구역,서울 여기,홍대입구약,all_noisy_station_surface,alternative_route,train
무악재 에서 홍대 입구 까지 가고 싶어요,무악재역,홍대입구역,무악재,홍대 입구,all_noisy_station_surface,route_search,train
숙대입구역이 에서 서을역 까지 환승 적은 경로 알려줘,숙대입구역,서울역,숙대입구역이,서을역,all_noisy_station_surface,route_search,train
합정역이 부터 둔촌동 역 까지 대중교통 알려줘,합정역,둔촌동역,합정역이,둔촌동 역,all_noisy_station_surface,route_search,train
홍대 입구 에서 서울 녁 까지 가고 싶어요,홍대입구역,서울역,홍대 입구,서울 녁,all_noisy_station_surface,route_search,train
대치역이 에서 홍대입고 까지 지금 지하철 탈 수 있어,대치역,홍대입구역,대치역이,홍대입고,all_noisy_station_surface,subway_availability_check,train
독립문 역 에서 압구정에 까지 막차 남았어,독립문역,압구정역,독립문 역,압구정에,all_noisy_station_surface,last_train_check,train
서울 에서 홍대 입구역 까지 제일 쉬운 길 알려줘,서울역,홍대입구역,서울,홍대 입구역,all_noisy_station_surface,route_search,train
여의도력 에서 공덕 역 까지 마지막 지하철 있어,여의도역,공덕역,여의도력,공덕 역,all_noisy_station_surface,last_train_check,train
홍대입구약 에서 숙대 입고 여기 까지 어떻게 가나요,홍대입구역,숙대입구역,홍대입구약,숙대 입고 여기,all_noisy_station_surface,route_search,train
강남 역 에서 숙대입구 여기 까지 다른 방법 알려줘,강남역,숙대입구역,강남 역,숙대입구 여기,all_noisy_station_surface,alternative_route,train
가산디지털단지약 에서 공덕 까지 지하철 없으면 버스로 갈 수 있어요,가산디지털단지역,공덕역,가산디지털단지약,공덕,all_noisy_station_surface,alternative_route,train
숙대입구력 에서 사울약 까지 제일 쉬운 길 알려줘,숙대입구역,서울역,숙대입구력,사울약,all_noisy_station_surface,route_search,train
망원 출발 방이역이 도착 경로 알려줘,망원역,방이역,망원,방이역이,all_noisy_station_surface,route_search,train
강남 역 에서 숙데입구 까지 지금 지하철 탈 수 있어,강남역,숙대입구역,강남 역,숙데입구,all_noisy_station_surface,subway_availability_check,train
서울 역 에서 숙대입고 까지 어떻게 가나요,서울역,숙대입구역,서울 역,숙대입고,all_noisy_station_surface,route_search,train
서울역이 부터 숙대입구 여기 까지 대중교통 알려줘,서울역,숙대입구역,서울역이,숙대입구 여기,all_noisy_station_surface,route_search,train
서울약 에서 을지로 이꾸역 까지 막차 끊겼으면 어떻게 가,서울역,을지로입구역,서울약,을지로 이꾸역,all_noisy_station_surface,alternative_route,train
구파발에 에서 성신여대 입구역 까지 막차 남았어,구파발역,성신여대입구역,구파발에,성신여대 입구역,all_noisy_station_surface,last_train_check,train
디지털 미디어 시티역 에서 망원 까지 어떻게 가나요,디지털미디어시티역,망원역,디지털 미디어 시티역,망원,all_noisy_station_surface,route_search,train
매봉약 에서 천호 까지 지하철 없으면 버스로 갈 수 있어요,매봉역,천호역,매봉약,천호,all_noisy_station_surface,alternative_route,train
여의도약 에서 구의력 까지 어떻게 가나요,여의도역,구의역,여의도약,구의력,all_noisy_station_surface,route_search,train
서울약 출발 홍대 입구역 도착 경로 알려줘,서울역,홍대입구역,서울약,홍대 입구역,all_noisy_station_surface,route_search,train
노량진약 에서 무악재약 까지 어떻게 가나요,노량진역,무악재역,노량진약,무악재약,all_noisy_station_surface,route_search,train
시청 여기 에서 숙대 입국역 까지 가고 싶어요,시청역,숙대입구역,시청 여기,숙대 입국역,all_noisy_station_surface,route_search,train
우장산에 방향 막차 가산 디지털단지역 에서 탈 수 있나요,가산디지털단지역,우장산역,가산 디지털단지역,우장산에,all_noisy_station_surface,last_train_check,train
청량리 여기 에서 왕십리력 까지 다른 방법 알려줘,청량리역,왕십리역,청량리 여기,왕십리력,all_noisy_station_surface,alternative_route,train
김포공항역이 에서 화곡력 까지 택시 말고 가는 방법 있어,김포공항역,화곡역,김포공항역이,화곡력,all_noisy_station_surface,alternative_route,train
디지 털미디어시티 에서 시청력 까지 어떻게 가나요,디지털미디어시티역,시청역,디지 털미디어시티,시청력,all_noisy_station_surface,route_search,train
을지로 입구 여기 에서 서울 녁 까지 지하철 운행 중이야,을지로입구역,서울역,을지로 입구 여기,서울 녁,all_noisy_station_surface,subway_availability_check,train
광화문에 에서 잠실새내에 까지 지하철 없으면 버스로 갈 수 있어요,광화문역,잠실새내역,광화문에,잠실새내에,all_noisy_station_surface,alternative_route,train
석촌력 방향 막차 화곡 역 에서 탈 수 있나요,화곡역,석촌역,화곡 역,석촌력,all_noisy_station_surface,last_train_check,train
우장산 여기 에서 구로 디지털단지 까지 막차 남았어,우장산역,구로디지털단지역,우장산 여기,구로 디지털단지,all_noisy_station_surface,last_train_check,train
홍대입구 여기 에서 사울역 까지 지금 지하철 탈 수 있어,홍대입구역,서울역,홍대입구 여기,사울역,all_noisy_station_surface,subway_availability_check,train
압구정 로데오 에서 대림 여기 까지 지금 지하철 탈 수 있어,압구정로데오역,대림역,압구정 로데오,대림 여기,all_noisy_station_surface,subway_availability_check,train
독립문약 에서 이태원약 까지 환승 적은 경로 알려줘,독립문역,이태원역,독립문약,이태원약,all_noisy_station_surface,route_search,train
수서 여기 방향 막차 문정 여기 에서 탈 수 있나요,문정역,수서역,문정 여기,수서 여기,all_noisy_station_surface,last_train_check,train
가락시장 부터 왕십리약 까지 대중교통 알려줘,가락시장역,왕십리역,가락시장,왕십리약,all_noisy_station_surface,route_search,train
홍대입고역 에서 서울력 까지 가는 길 알려줘,홍대입구역,서울역,홍대입고역,서울력,all_noisy_station_surface,route_search,train
지금 홍대 입고 에서 숙대입구역이 까지 막차 탈 수 있어,홍대입구역,숙대입구역,홍대 입고,숙대입구역이,all_noisy_station_surface,last_train_check,train
수유력 부터 가디역 까지 대중교통 알려줘,수유역,가산디지털단지역,수유력,가디역,all_noisy_station_surface,route_search,train
지금 시청 여기 에서 숙대입구역이 까지 막차 탈 수 있어,시청역,숙대입구역,시청 여기,숙대입구역이,all_noisy_station_surface,last_train_check,train
시청 역 에서 숙대 입구 여기 까지 제일 쉬운 길 알려줘,시청역,숙대입구역,시청 역,숙대 입구 여기,all_noisy_station_surface,route_search,train
구로디지털 여기 에서 숙대 입구역 까지 환승 적은 경로 알려줘,구로디지털단지역,숙대입구역,구로디지털 여기,숙대 입구역,all_noisy_station_surface,route_search,train
녹번 방향 막차 올림픽공원 여기 에서 탈 수 있나요,올림픽공원역,녹번역,올림픽공원 여기,녹번,all_noisy_station_surface,last_train_check,train
수유 역 에서 한성대입구역이 까지 어떻게 가나요,수유역,한성대입구역,수유 역,한성대입구역이,all_noisy_station_surface,route_search,train
을지로입구약 에서 제기 동역 까지 막차 남았어,을지로입구역,제기동역,을지로입구약,제기 동역,all_noisy_station_surface,last_train_check,train
시청 역 에서 충무로 역 까지 어떻게 가나요,시청역,충무로역,시청 역,충무로 역,all_noisy_station_surface,route_search,train
구의약 에서 교대 까지 환승 적은 경로 알려줘,구의역,교대역,구의약,교대,all_noisy_station_surface,route_search,train
마곡역이 에서 용산 까지 다른 방법 알려줘,마곡역,용산역,마곡역이,용산,all_noisy_station_surface,alternative_route,train
공덕 여기 에서 상봉 까지 지하철 없으면 버스로 갈 수 있어요,공덕역,상봉역,공덕 여기,상봉,all_noisy_station_surface,alternative_route,train
양재 여기 에서 봉은사역이 까지 가고 싶어요,양재역,봉은사역,양재 여기,봉은사역이,all_noisy_station_surface,route_search,train
사당 출발 서울력 도착 경로 알려줘,사당역,서울역,사당,서울력,all_noisy_station_surface,route_search,train
복정 역 에서 시청역이 까지 제일 쉬운 길 알려줘,복정역,시청역,복정 역,시청역이,all_noisy_station_surface,route_search,train
노량진 까지 가야 하는데 잠실역이 에서 어떻게 가요,잠실역,노량진역,잠실역이,노량진,all_noisy_station_surface,route_search,train
서울 역 에서 강남 역 까지 환승 적은 경로 알려줘,서울역,강남역,서울 역,강남 역,all_noisy_station_surface,route_search,train
명동 여기 에서 건대입구 까지 가고 싶어요,명동역,건대입구역,명동 여기,건대입구,all_noisy_station_surface,route_search,train
목동 여기 에서 광화문 여기 까지 지하철 운행 중이야,목동역,광화문역,목동 여기,광화문 여기,all_noisy_station_surface,subway_availability_check,train
강동 에서 압구정로데오력 까지 제일 쉬운 길 알려줘,강동역,압구정로데오역,강동,압구정로데오력,all_noisy_station_surface,route_search,train
서울력 에서 을지로입고역 까지 환승 적은 경로 알려줘,서울역,을지로입구역,서울력,을지로입고역,all_noisy_station_surface,route_search,train
사당 역 에서 사울약 까지 막차 남았어,사당역,서울역,사당 역,사울약,all_noisy_station_surface,last_train_check,train
마곡약 에서 여의도 역 까지 지금 지하철 탈 수 있어,마곡역,여의도역,마곡약,여의도 역,all_noisy_station_surface,subway_availability_check,train
신림 에서 이촌 까지 지하철 없으면 버스로 갈 수 있어요,신림역,이촌역,신림,이촌,all_noisy_station_surface,alternative_route,train
홍제약 방향 막차 여의도력 에서 탈 수 있나요,여의도역,홍제역,여의도력,홍제약,all_noisy_station_surface,last_train_check,train
무악재역이 출발 가산디지털 여기 도착 경로 알려줘,무악재역,가산디지털단지역,무악재역이,가산디지털 여기,all_noisy_station_surface,route_search,train
강남역이 에서 숙대 입구 여기 까지 다른 방법 알려줘,강남역,숙대입구역,강남역이,숙대 입구 여기,all_noisy_station_surface,alternative_route,train
강남역이 에서 숙대입구약 까지 제일 쉬운 길 알려줘,강남역,숙대입구역,강남역이,숙대입구약,all_noisy_station_surface,route_search,train
사울약 에서 숙대입구 까지 환승 적은 경로 알려줘,서울역,숙대입구역,사울약,숙대입구,all_noisy_station_surface,route_search,train
충무로 역 방향 막차 애오개 역 에서 탈 수 있나요,애오개역,충무로역,애오개 역,충무로 역,all_noisy_station_surface,last_train_check,train
월드컵경기장 역 에서 화곡 역 까지 가고 싶어요,월드컵경기장역,화곡역,월드컵경기장 역,화곡 역,all_noisy_station_surface,route_search,train
녹번 까지 가야 하는데 성수 에서 어떻게 가요,성수역,녹번역,성수,녹번,all_noisy_station_surface,route_search,train
서월역 에서 숙대 이꾸역 까지 다른 방법 알려줘,서울역,숙대입구역,서월역,숙대 이꾸역,all_noisy_station_surface,alternative_route,train
디지털미디어시티력 에서 올림픽 공원 까지 어떻게 가나요,디지털미디어시티역,올림픽공원역,디지털미디어시티력,올림픽 공원,all_noisy_station_surface,route_search,train
둔촌동력 에서 동대문 역사 문화공원역 까지 막차 남았어,둔촌동역,동대문역사문화공원역,둔촌동력,동대문 역사 문화공원역,all_noisy_station_surface,last_train_check,train
마포에 에서 복정 까지 막차 남았어,마포역,복정역,마포에,복정,all_noisy_station_surface,last_train_check,train
까치산역이 까지 가야 하는데 복정 여기 에서 어떻게 가요,복정역,까치산역,복정 여기,까치산역이,all_noisy_station_surface,route_search,train
숙대입고 까지 가야 하는데 서울 녁 에서 어떻게 가요,서울역,숙대입구역,서울 녁,숙대입고,all_noisy_station_surface,route_search,train
왕십 리역 에서 개봉역이 까지 택시 말고 가는 방법 있어,왕십리역,개봉역,왕십 리역,개봉역이,all_noisy_station_surface,alternative_route,train
녹번 에서 까치산에 까지 택시 말고 가는 방법 있어,녹번역,까치산역,녹번,까치산에,all_noisy_station_surface,alternative_route,train
서울력 에서 출발해서 을지로 이꾸역 까지 가고 싶어요,서울역,을지로입구역,서울력,을지로 이꾸역,all_noisy_station_surface,route_search,train
강변 에서 대림약 까지 제일 쉬운 길 알려줘,강변역,대림역,강변,대림약,all_noisy_station_surface,route_search,train
사울약 에서 출발해서 홍대 입구역 까지 가고 싶어요,서울역,홍대입구역,사울약,홍대 입구역,all_noisy_station_surface,route_search,train
공덕 부터 이태원약 까지 대중교통 알려줘,공덕역,이태원역,공덕,이태원약,all_noisy_station_surface,route_search,train
영등 포 에서 동대문역사공원 까지 마지막 지하철 있어,영등포역,동대문역사문화공원역,영등 포,동대문역사공원,all_noisy_station_surface,last_train_check,train
신림력 에서 합정 역 까지 지하철 운행 중이야,신림역,합정역,신림력,합정 역,all_noisy_station_surface,subway_availability_check,train
대림 역 에서 합정약 까지 지하철 없으면 버스로 갈 수 있어요,대림역,합정역,대림 역,합정약,all_noisy_station_surface,alternative_route,train
수유 출발 회현약 도착 경로 알려줘,수유역,회현역,수유,회현약,all_noisy_station_surface,route_search,train
구로디지털단지 여기 에서 서울대입구역이 까지 환승 적은 경로 알려줘,구로디지털단지역,서울대입구역,구로디지털단지 여기,서울대입구역이,all_noisy_station_surface,route_search,train
광화문 여기 부터 마곡 까지 대중교통 알려줘,광화문역,마곡역,광화문 여기,마곡,all_noisy_station_surface,route_search,train
혜화역이 출발 합정에 도착 경로 알려줘,혜화역,합정역,혜화역이,합정에,all_noisy_station_surface,route_search,train
을지로입구 여기 출발 서울 역 도착 경로 알려줘,을지로입구역,서울역,을지로입구 여기,서울 역,all_noisy_station_surface,route_search,train
가산디지털단지에 에서 독립문 까지 다른 방법 알려줘,가산디지털단지역,독립문역,가산디지털단지에,독립문,all_noisy_station_surface,alternative_route,train
구로에 에서 김포공항력 까지 택시 말고 가는 방법 있어,구로역,김포공항역,구로에,김포공항력,all_noisy_station_surface,alternative_route,train
사당 역 에서 서울에 까지 택시 말고 가는 방법 있어,사당역,서울역,사당 역,서울에,all_noisy_station_surface,alternative_route,train
합정력 부터 종각력 까지 대중교통 알려줘,합정역,종각역,합정력,종각력,all_noisy_station_surface,route_search,train
당산 여기 에서 개봉약 까지 막차 끊겼나요,당산역,개봉역,당산 여기,개봉약,all_noisy_station_surface,last_train_check,train
학여울 역 방향 막차 양재역이 에서 탈 수 있나요,양재역,학여울역,양재역이,학여울 역,all_noisy_station_surface,last_train_check,train
양재에 에서 마포 여기 까지 환승 적은 경로 알려줘,양재역,마포역,양재에,마포 여기,all_noisy_station_surface,route_search,train
신도 림 에서 상수약 까지 마지막 지하철 있어,신도림역,상수역,신도 림,상수약,all_noisy_station_surface,last_train_check,train
충무로약 방향 막차 복정력 에서 탈 수 있나요,복정역,충무로역,복정력,충무로약,all_noisy_station_surface,last_train_check,train
서울력 에서 홍대 입고 까지 지하철 없으면 버스로 갈 수 있어요,서울역,홍대입구역,서울력,홍대 입고,all_noisy_station_surface,alternative_route,train
까치 산 에서 노량진 까지 마지막 지하철 있어,까치산역,노량진역,까치 산,노량진,all_noisy_station_surface,last_train_check,train
영등포 에서 한강진력 까지 택시 말고 가는 방법 있어,영등포역,한강진역,영등포,한강진력,all_noisy_station_surface,alternative_route,train
서을역 에서 을지로 이꾸역 까지 다른 방법 알려줘,서울역,을지로입구역,서을역,을지로 이꾸역,all_noisy_station_surface,alternative_route,train
강변에 에서 을지로입구 까지 환승 적은 경로 알려줘,강변역,을지로입구역,강변에,을지로입구,all_noisy_station_surface,route_search,train
구파발 역 까지 가야 하는데 애오개역이 에서 어떻게 가요,애오개역,구파발역,애오개역이,구파발 역,all_noisy_station_surface,route_search,train
압구정에 부터 복정역이 까지 대중교통 알려줘,압구정역,복정역,압구정에,복정역이,all_noisy_station_surface,route_search,train
올림픽 공원역 에서 여의도에 까지 가는 길 알려줘,올림픽공원역,여의도역,올림픽 공원역,여의도에,all_noisy_station_surface,route_search,train
광화문력 에서 압구 정 까지 막차 끊겼나요,광화문역,압구정역,광화문력,압구 정,all_noisy_station_surface,last_train_check,train
홍대입고 부터 서울 녁 까지 대중교통 알려줘,홍대입구역,서울역,홍대입고,서울 녁,all_noisy_station_surface,route_search,train
을지로입고 에서 서울 역 까지 막차 남았어,을지로입구역,서울역,을지로입고,서울 역,all_noisy_station_surface,last_train_check,train
김포공항력 에서 서울대입고역 까지 택시 말고 가는 방법 있어,김포공항역,서울대입구역,김포공항력,서울대입고역,all_noisy_station_surface,alternative_route,train
무악재력 에서 김포공항약 까지 어떻게 가나요,무악재역,김포공항역,무악재력,김포공항약,all_noisy_station_surface,route_search,train
뚝섬역이 에서 송파에 까지 가는 길 알려줘,뚝섬역,송파역,뚝섬역이,송파에,all_noisy_station_surface,route_search,train
마포구청력 에서 녹번력 까지 마지막 지하철 있어,마포구청역,녹번역,마포구청력,녹번력,all_noisy_station_surface,last_train_check,train
서울 여기 에서 홍대입국역 까지 가는 길 알려줘,서울역,홍대입구역,서울 여기,홍대입국역,all_noisy_station_surface,route_search,train
목동 역 에서 디지털미디어시티역이 까지 지하철 운행 중이야,목동역,디지털미디어시티역,목동 역,디지털미디어시티역이,all_noisy_station_surface,subway_availability_check,train
합정역이 에서 용산 여기 까지 막차 남았어,합정역,용산역,합정역이,용산 여기,all_noisy_station_surface,last_train_check,train
지금 홍대입구약 에서 숙대입구역이 까지 막차 탈 수 있어,홍대입구역,숙대입구역,홍대입구약,숙대입구역이,all_noisy_station_surface,last_train_check,train
시청력 에서 숙대입구 역 까지 막차 끊겼으면 어떻게 가,시청역,숙대입구역,시청력,숙대입구 역,all_noisy_station_surface,alternative_route,train
을지로 입고 까지 가야 하는데 서을역 에서 어떻게 가요,서울역,을지로입구역,서을역,을지로 입고,all_noisy_station_surface,route_search,train
김포공항에 에서 봉은사 여기 까지 마지막 지하철 있어,김포공항역,봉은사역,김포공항에,봉은사 여기,all_noisy_station_surface,last_train_check,train
홍대 입구 여기 부터 서울약 까지 대중교통 알려줘,홍대입구역,서울역,홍대 입구 여기,서울약,all_noisy_station_surface,route_search,train
무악재약 에서 노량진역이 까지 지하철 없으면 버스로 갈 수 있어요,무악재역,노량진역,무악재약,노량진역이,all_noisy_station_surface,alternative_route,train
혜화약 에서 양재 여기 까지 가는 길 알려줘,혜화역,양재역,혜화약,양재 여기,all_noisy_station_surface,route_search,train
수유에 에서 녹번 역 까지 막차 남았어,수유역,녹번역,수유에,녹번 역,all_noisy_station_surface,last_train_check,train
학여울 에서 애오개에 까지 어떻게 가나요,학여울역,애오개역,학여울,애오개에,all_noisy_station_surface,route_search,train
홍대입구역이 에서 숙대 입고 여기 까지 지하철 운행 중이야,홍대입구역,숙대입구역,홍대입구역이,숙대 입고 여기,all_noisy_station_surface,subway_availability_check,train
숙대 이꾸역 에서 서월역 까지 지하철 없으면 버스로 갈 수 있어요,숙대입구역,서울역,숙대 이꾸역,서월역,all_noisy_station_surface,alternative_route,train
수유에 에서 출발해서 석촌 까지 가고 싶어요,수유역,석촌역,수유에,석촌,all_noisy_station_surface,route_search,train
송파약 출발 독립문 도착 경로 알려줘,송파역,독립문역,송파약,독립문,all_noisy_station_surface,route_search,train
가산 디지털단지 부터 이태원력 까지 대중교통 알려줘,가산디지털단지역,이태원역,가산 디지털단지,이태원력,all_noisy_station_surface,route_search,train
서을역 에서 을지로입고역 까지 지하철 운행 중이야,서울역,을지로입구역,서을역,을지로입고역,all_noisy_station_surface,subway_availability_check,train
사울역 에서 숙데입구 까지 환승 적은 경로 알려줘,서울역,숙대입구역,사울역,숙데입구,all_noisy_station_surface,route_search,train
광화문 여기 에서 출발해서 이대약 까지 가고 싶어요,광화문역,이대역,광화문 여기,이대약,all_noisy_station_surface,route_search,train
이대력 에서 여의도에 까지 마지막 지하철 있어,이대역,여의도역,이대력,여의도에,all_noisy_station_surface,last_train_check,train
사당에 에서 매봉 역 까지 어떻게 가나요,사당역,매봉역,사당에,매봉 역,all_noisy_station_surface,route_search,train
용산역이 출발 공덕 도착 경로 알려줘,용산역,공덕역,용산역이,공덕,all_noisy_station_surface,route_search,train
마포약 에서 출발해서 까치산 여기 까지 가고 싶어요,마포역,까치산역,마포약,까치산 여기,all_noisy_station_surface,route_search,train
지금 강남역이 에서 숙대입구력 까지 막차 탈 수 있어,강남역,숙대입구역,강남역이,숙대입구력,all_noisy_station_surface,last_train_check,train
성신여대입고역 에서 강남 까지 막차 끊겼나요,성신여대입구역,강남역,성신여대입고역,강남,all_noisy_station_surface,last_train_check,train
구의 에서 압구정에 까지 어떻게 가나요,구의역,압구정역,구의,압구정에,all_noisy_station_surface,route_search,train
충무로 역 에서 출발해서 구로약 까지 가고 싶어요,충무로역,구로역,충무로 역,구로약,all_noisy_station_surface,route_search,train
서울대입구 에서 안국약 까지 지하철 운행 중이야,서울대입구역,안국역,서울대입구,안국약,all_noisy_station_surface,subway_availability_check,train
서울약 까지 가야 하는데 을지로 입고 에서 어떻게 가요,을지로입구역,서울역,을지로 입고,서울약,all_noisy_station_surface,route_search,train
홍대 이꾸역 에서 숙대 입고 여기 까지 마지막 지하철 있어,홍대입구역,숙대입구역,홍대 이꾸역,숙대 입고 여기,all_noisy_station_surface,last_train_check,train
지금 사당 에서 서월역 까지 막차 탈 수 있어,사당역,서울역,사당,서월역,all_noisy_station_surface,last_train_check,train
지금 당산 에서 홍제 역 까지 막차 탈 수 있어,당산역,홍제역,당산,홍제 역,all_noisy_station_surface,last_train_check,train
동대문 역사 문화공원역 에서 노량진 역 까지 제일 쉬운 길 알려줘,동대문역사문화공원역,노량진역,동대문 역사 문화공원역,노량진 역,all_noisy_station_surface,route_search,train
마포역이 에서 종각력 까지 지하철 없으면 버스로 갈 수 있어요,마포역,종각역,마포역이,종각력,all_noisy_station_surface,alternative_route,train
홍대입구역이 에서 숙대입구약 까지 막차 끊겼나요,홍대입구역,숙대입구역,홍대입구역이,숙대입구약,all_noisy_station_surface,last_train_check,train
강남에 에서 숙대 입구역 까지 지하철 운행 중이야,강남역,숙대입구역,강남에,숙대 입구역,all_noisy_station_surface,subway_availability_check,train
수서에 부터 을지로 입고 까지 대중교통 알려줘,수서역,을지로입구역,수서에,을지로 입고,all_noisy_station_surface,route_search,train
교대 여기 에서 신림 여기 까지 막차 끊겼나요,교대역,신림역,교대 여기,신림 여기,all_noisy_station_surface,last_train_check,train
여의도 역 에서 녹사평 역 까지 택시 말고 가는 방법 있어,여의도역,녹사평역,여의도 역,녹사평 역,all_noisy_station_surface,alternative_route,train
시청약 에서 숙대입구력 까지 막차 남았어,시청역,숙대입구역,시청약,숙대입구력,all_noisy_station_surface,last_train_check,train
방이역이 에서 출발해서 화곡 까지 가고 싶어요,방이역,화곡역,방이역이,화곡,all_noisy_station_surface,route_search,train
홍제 역 에서 한성대입구력 까지 환승 적은 경로 알려줘,홍제역,한성대입구역,홍제 역,한성대입구력,all_noisy_station_surface,route_search,train
신림약 에서 가산디지털단지 여기 까지 지금 지하철 탈 수 있어,신림역,가산디지털단지역,신림약,가산디지털단지 여기,all_noisy_station_surface,subway_availability_check,train
신도 림 방향 막차 사당 여기 에서 탈 수 있나요,사당역,신도림역,사당 여기,신도 림,all_noisy_station_surface,last_train_check,train
강동 에서 영등포 까지 지하철 운행 중이야,강동역,영등포역,강동,영등포,all_noisy_station_surface,subway_availability_check,train
숙대 입구역 에서 출발해서 연신내역이 까지 가고 싶어요,숙대입구역,연신내역,숙대 입구역,연신내역이,all_noisy_station_surface,route_search,train
학여울역이 부터 이대 역 까지 대중교통 알려줘,학여울역,이대역,학여울역이,이대 역,all_noisy_station_surface,route_search,train
잠실새내에 방향 막차 이태원 여기 에서 탈 수 있나요,이태원역,잠실새내역,이태원 여기,잠실새내에,all_noisy_station_surface,last_train_check,train
서울역이 에서 숙대 입고 여기 까지 지금 지하철 탈 수 있어,서울역,숙대입구역,서울역이,숙대 입고 여기,all_noisy_station_surface,subway_availability_check,train
당산에 에서 홍대 입구 까지 지하철 없으면 버스로 갈 수 있어요,당산역,홍대입구역,당산에,홍대 입구,all_noisy_station_surface,alternative_route,train
미아사거리에 에서 노량진약 까지 마지막 지하철 있어,미아사거리역,노량진역,미아사거리에,노량진약,all_noisy_station_surface,last_train_check,train
연신 내 까지 가야 하는데 한강진력 에서 어떻게 가요,한강진역,연신내역,한강진력,연신 내,all_noisy_station_surface,route_search,train
강남 역 에서 숙대입고역 까지 제일 쉬운 길 알려줘,강남역,숙대입구역,강남 역,숙대입고역,all_noisy_station_surface,route_search,train
서을역 에서 을지로입구 까지 다른 방법 알려줘,서울역,을지로입구역,서을역,을지로입구,all_noisy_station_surface,alternative_route,train
건대입구약 에서 뚝섬력 까지 지하철 운행 중이야,건대입구역,뚝섬역,건대입구약,뚝섬력,all_noisy_station_surface,subway_availability_check,train
구파발 까지 가야 하는데 동대문역이 에서 어떻게 가요,동대문역,구파발역,동대문역이,구파발,all_noisy_station_surface,route_search,train
종로3가 역 에서 애오개역이 까지 가고 싶어요,종로3가역,애오개역,종로3가 역,애오개역이,all_noisy_station_surface,route_search,train
수유역이 에서 성수 까지 제일 쉬운 길 알려줘,수유역,성수역,수유역이,성수,all_noisy_station_surface,route_search,train
강남에 에서 숙대입구 까지 가는 길 알려줘,강남역,숙대입구역,강남에,숙대입구,all_noisy_station_surface,route_search,train
까치산약 에서 수유 역 까지 어떻게 가나요,까치산역,수유역,까치산약,수유 역,all_noisy_station_surface,route_search,train
서울 역 방향 막차 을지로입구 에서 탈 수 있나요,을지로입구역,서울역,을지로입구,서울 역,all_noisy_station_surface,last_train_check,train
서울약 부터 홍대입구 까지 대중교통 알려줘,서울역,홍대입구역,서울약,홍대입구,all_noisy_station_surface,route_search,train
숙대 입구 에서 이대역이 까지 지하철 운행 중이야,숙대입구역,이대역,숙대 입구,이대역이,all_noisy_station_surface,subway_availability_check,train
서울약 까지 가야 하는데 당산에 에서 어떻게 가요,당산역,서울역,당산에,서울약,all_noisy_station_surface,route_search,train
건대입고역 에서 역삼 여기 까지 택시 말고 가는 방법 있어,건대입구역,역삼역,건대입고역,역삼 여기,all_noisy_station_surface,alternative_route,train
봉은사 에서 신설동 역 까지 어떻게 가나요,봉은사역,신설동역,봉은사,신설동 역,all_noisy_station_surface,route_search,train
신림 에서 교대력 까지 지금 지하철 탈 수 있어,신림역,교대역,신림,교대력,all_noisy_station_surface,subway_availability_check,train
숙대 이꾸역 출발 서울약 도착 경로 알려줘,숙대입구역,서울역,숙대 이꾸역,서울약,all_noisy_station_surface,route_search,train
영등포 여기 에서 공덕력 까지 막차 끊겼나요,영등포역,공덕역,영등포 여기,공덕력,all_noisy_station_surface,last_train_check,train
공덕역이 에서 노량진 여기 까지 환승 적은 경로 알려줘,공덕역,노량진역,공덕역이,노량진 여기,all_noisy_station_surface,route_search,train
김포공항약 에서 성수력 까지 막차 끊겼나요,김포공항역,성수역,김포공항약,성수력,all_noisy_station_surface,last_train_check,train
종로 3가역 에서 문정력 까지 지하철 없으면 버스로 갈 수 있어요,종로3가역,문정역,종로 3가역,문정력,all_noisy_station_surface,alternative_route,train
명동력 방향 막차 녹번 여기 에서 탈 수 있나요,녹번역,명동역,녹번 여기,명동력,all_noisy_station_surface,last_train_check,train
서을역 에서 한강진 까지 택시 말고 가는 방법 있어,서울역,한강진역,서을역,한강진,all_noisy_station_surface,alternative_route,train
충무로역이 에서 을지로 입구역 까지 지하철 운행 중이야,충무로역,을지로입구역,충무로역이,을지로 입구역,all_noisy_station_surface,subway_availability_check,train
지금 시청 여기 에서 가락시장력 까지 막차 탈 수 있어,시청역,가락시장역,시청 여기,가락시장력,all_noisy_station_surface,last_train_check,train
구의 역 에서 까치 산 까지 환승 적은 경로 알려줘,구의역,까치산역,구의 역,까치 산,all_noisy_station_surface,route_search,train
시청역이 에서 숙대 입구역 까지 다른 방법 알려줘,시청역,숙대입구역,시청역이,숙대 입구역,all_noisy_station_surface,alternative_route,train
홍대 입고 에서 숙대입고역 까지 막차 끊겼나요,홍대입구역,숙대입구역,홍대 입고,숙대입고역,all_noisy_station_surface,last_train_check,train
양재력 에서 화곡 역 까지 막차 끊겼나요,양재역,화곡역,양재력,화곡 역,all_noisy_station_surface,last_train_check,train
을지로 입구 여기 에서 서울 녁 까지 가는 길 알려줘,을지로입구역,서울역,을지로 입구 여기,서울 녁,all_noisy_station_surface,route_search,train
독립 문역 에서 성수에 까지 막차 끊겼나요,독립문역,성수역,독립 문역,성수에,all_noisy_station_surface,last_train_check,train
압구정로데오 에서 신촌 까지 지하철 없으면 버스로 갈 수 있어요,압구정로데오역,신촌역,압구정로데오,신촌,all_noisy_station_surface,alternative_route,train
성수역이 부터 을지로입고역 까지 대중교통 알려줘,성수역,을지로입구역,성수역이,을지로입고역,all_noisy_station_surface,route_search,train
삼성 역 에서 왕십리역이 까지 가는 길 알려줘,삼성역,왕십리역,삼성 역,왕십리역이,all_noisy_station_surface,route_search,train
복정 에서 미아사거리 역 까지 지금 지하철 탈 수 있어,복정역,미아사거리역,복정,미아사거리 역,all_noisy_station_surface,subway_availability_check,train
홍대입구 역 에서 숙대 입구 까지 어떻게 가나요,홍대입구역,숙대입구역,홍대입구 역,숙대 입구,all_noisy_station_surface,route_search,train
종합운동장에 에서 종각력 까지 다른 방법 알려줘,종합운동장역,종각역,종합운동장에,종각력,all_noisy_station_surface,alternative_route,train
상봉력 에서 이대역이 까지 막차 남았어,상봉역,이대역,상봉력,이대역이,all_noisy_station_surface,last_train_check,train
건대입구 부터 오목교력 까지 대중교통 알려줘,건대입구역,오목교역,건대입구,오목교력,all_noisy_station_surface,route_search,train
선릉약 에서 명동 여기 까지 제일 쉬운 길 알려줘,선릉역,명동역,선릉약,명동 여기,all_noisy_station_surface,route_search,train
교대력 에서 녹사평 까지 택시 말고 가는 방법 있어,교대역,녹사평역,교대력,녹사평,all_noisy_station_surface,alternative_route,train
회현 역 에서 목동 여기 까지 제일 쉬운 길 알려줘,회현역,목동역,회현 역,목동 여기,all_noisy_station_surface,route_search,train
동대문역사공원 방향 막차 도곡약 에서 탈 수 있나요,도곡역,동대문역사문화공원역,도곡약,동대문역사공원,all_noisy_station_surface,last_train_check,train
제기동 역 에서 목동력 까지 막차 남았어,제기동역,목동역,제기동 역,목동력,all_noisy_station_surface,last_train_check,train
종각 역 에서 역삼역이 까지 막차 끊겼으면 어떻게 가,종각역,역삼역,종각 역,역삼역이,all_noisy_station_surface,alternative_route,train
을지로입구역이 부터 까치 산 까지 대중교통 알려줘,을지로입구역,까치산역,을지로입구역이,까치 산,all_noisy_station_surface,route_search,train
아현역이 에서 합정 까지 가는 길 알려줘,아현역,합정역,아현역이,합정,all_noisy_station_surface,route_search,train
지금 잠실역이 에서 홍제 까지 막차 탈 수 있어,잠실역,홍제역,잠실역이,홍제,all_noisy_station_surface,last_train_check,train
서울 여기 에서 을지로입구 여기 까지 다른 방법 알려줘,서울역,을지로입구역,서울 여기,을지로입구 여기,all_noisy_station_surface,alternative_route,train
망원 에서 우장산 여기 까지 지금 지하철 탈 수 있어,망원역,우장산역,망원,우장산 여기,all_noisy_station_surface,subway_availability_check,train
까치산에 에서 수서약 까지 어떻게 가나요,까치산역,수서역,까치산에,수서약,all_noisy_station_surface,route_search,train
을지로 이꾸역 에서 서울역이 까지 가고 싶어요,을지로입구역,서울역,을지로 이꾸역,서울역이,all_noisy_station_surface,route_search,train
홍대입구 역 에서 서을역 까지 지하철 없으면 버스로 갈 수 있어요,홍대입구역,서울역,홍대입구 역,서을역,all_noisy_station_surface,alternative_route,train
서월역 에서 홍대입구 까지 마지막 지하철 있어,서울역,홍대입구역,서월역,홍대입구,all_noisy_station_surface,last_train_check,train
서울대입고 에서 종합운동장에 까지 택시 말고 가는 방법 있어,서울대입구역,종합운동장역,서울대입고,종합운동장에,all_noisy_station_surface,alternative_route,train
당산력 에서 한성데입구 까지 지금 지하철 탈 수 있어,당산역,한성대입구역,당산력,한성데입구,all_noisy_station_surface,subway_availability_check,train
서울역이 에서 을지로입구역이 까지 가고 싶어요,서울역,을지로입구역,서울역이,을지로입구역이,all_noisy_station_surface,route_search,train
지금 서울 여기 에서 홍데입구 까지 막차 탈 수 있어,서울역,홍대입구역,서울 여기,홍데입구,all_noisy_station_surface,last_train_check,train
잠실새내 방향 막차 사당 역 에서 탈 수 있나요,사당역,잠실새내역,사당 역,잠실새내,all_noisy_station_surface,last_train_check,train
마곡 역 에서 한강진역이 까지 막차 끊겼으면 어떻게 가,마곡역,한강진역,마곡 역,한강진역이,all_noisy_station_surface,alternative_route,train
용산역이 에서 출발해서 건대 입구 까지 가고 싶어요,용산역,건대입구역,용산역이,건대 입구,all_noisy_station_surface,route_search,train
서울력 부터 을지로 이꾸역 까지 대중교통 알려줘,서울역,을지로입구역,서울력,을지로 이꾸역,all_noisy_station_surface,route_search,train
여의도약 에서 안국력 까지 막차 끊겼나요,여의도역,안국역,여의도약,안국력,all_noisy_station_surface,last_train_check,train
을지로입구 역 에서 사울약 까지 막차 남았어,을지로입구역,서울역,을지로입구 역,사울약,all_noisy_station_surface,last_train_check,train
서을역 에서 을지로입구력 까지 제일 쉬운 길 알려줘,서울역,을지로입구역,서을역,을지로입구력,all_noisy_station_surface,route_search,train
사당 에서 서월역 까지 막차 남았어,사당역,서울역,사당,서월역,all_noisy_station_surface,last_train_check,train
숙대 입국역 출발 서울 도착 경로 알려줘,숙대입구역,서울역,숙대 입국역,서울,all_noisy_station_surface,route_search,train
서을역 에서 숙데입구 까지 막차 끊겼나요,서울역,숙대입구역,서을역,숙데입구,all_noisy_station_surface,last_train_check,train
동대문역사문화공원 여기 에서 공덕력 까지 막차 끊겼나요,동대문역사문화공원역,공덕역,동대문역사문화공원 여기,공덕력,all_noisy_station_surface,last_train_check,train
잠실새내약 에서 종로3가에 까지 막차 남았어,잠실새내역,종로3가역,잠실새내약,종로3가에,all_noisy_station_surface,last_train_check,train
강남 역 에서 숙대입고 까지 막차 끊겼나요,강남역,숙대입구역,강남 역,숙대입고,all_noisy_station_surface,last_train_check,train
상봉 여기 에서 이태원력 까지 막차 끊겼나요,상봉역,이태원역,상봉 여기,이태원력,all_noisy_station_surface,last_train_check,train
숙대 입고 여기 에서 서월역 까지 다른 방법 알려줘,숙대입구역,서울역,숙대 입고 여기,서월역,all_noisy_station_surface,alternative_route,train
강동약 에서 신촌력 까지 택시 말고 가는 방법 있어,강동역,신촌역,강동약,신촌력,all_noisy_station_surface,alternative_route,train
신촌에 에서 청량리 역 까지 가는 길 알려줘,신촌역,청량리역,신촌에,청량리 역,all_noisy_station_surface,route_search,train
홍대입국역 에서 사울역 까지 환승 적은 경로 알려줘,홍대입구역,서울역,홍대입국역,사울역,all_noisy_station_surface,route_search,train
연신내 출발 학여울약 도착 경로 알려줘,연신내역,학여울역,연신내,학여울약,all_noisy_station_surface,route_search,train
서을역 방향 막차 숙대 입고 에서 탈 수 있나요,숙대입구역,서울역,숙대 입고,서을역,all_noisy_station_surface,last_train_check,train
여의도에 에서 독립문역이 까지 막차 남았어,여의도역,독립문역,여의도에,독립문역이,all_noisy_station_surface,last_train_check,train
홍대입구력 에서 서울 역 까지 가는 길 알려줘,홍대입구역,서울역,홍대입구력,서울 역,all_noisy_station_surface,route_search,train
교대력 부터 약삼 까지 대중교통 알려줘,교대역,역삼역,교대력,약삼,all_noisy_station_surface,route_search,train
시청역이 에서 숙대 입구역 까지 어떻게 가나요,시청역,숙대입구역,시청역이,숙대 입구역,all_noisy_station_surface,route_search,train
천호 역 에서 송파 여기 까지 다른 방법 알려줘,천호역,송파역,천호 역,송파 여기,all_noisy_station_surface,alternative_route,train
미아 사거리역 에서 오금력 까지 지금 지하철 탈 수 있어,미아사거리역,오금역,미아 사거리역,오금력,all_noisy_station_surface,subway_availability_check,train
충무 로 에서 종로3가역이 까지 택시 말고 가는 방법 있어,충무로역,종로3가역,충무 로,종로3가역이,all_noisy_station_surface,alternative_route,train
잠실에 에서 신설동 까지 지금 지하철 탈 수 있어,잠실역,신설동역,잠실에,신설동,all_noisy_station_surface,subway_availability_check,train
지금 노량진 에서 오목교약 까지 막차 탈 수 있어,노량진역,오목교역,노량진,오목교약,all_noisy_station_surface,last_train_check,train
대림 여기 에서 고속터미널역이 까지 어떻게 가나요,대림역,고속터미널역,대림 여기,고속터미널역이,all_noisy_station_surface,route_search,train
데치 에서 월드컵경기장 역 까지 지하철 없으면 버스로 갈 수 있어요,대치역,월드컵경기장역,데치,월드컵경기장 역,all_noisy_station_surface,alternative_route,train
시청력 에서 숙대입구약 까지 지하철 운행 중이야,시청역,숙대입구역,시청력,숙대입구약,all_noisy_station_surface,subway_availability_check,train
잠실새내 에서 문정약 까지 지하철 없으면 버스로 갈 수 있어요,잠실새내역,문정역,잠실새내,문정약,all_noisy_station_surface,alternative_route,train
사울역 부터 신촌 여기 까지 대중교통 알려줘,서울역,신촌역,사울역,신촌 여기,all_noisy_station_surface,route_search,train
서울대입구 역 에서 안국약 까지 다른 방법 알려줘,서울대입구역,안국역,서울대입구 역,안국약,all_noisy_station_surface,alternative_route,train
도곡에 에서 둔촌동력 까지 다른 방법 알려줘,도곡역,둔촌동역,도곡에,둔촌동력,all_noisy_station_surface,alternative_route,train
사당 역 에서 뚝섬 까지 지금 지하철 탈 수 있어,사당역,뚝섬역,사당 역,뚝섬,all_noisy_station_surface,subway_availability_check,train
한성대입구약 에서 을지로 입고 까지 제일 쉬운 길 알려줘,한성대입구역,을지로입구역,한성대입구약,을지로 입고,all_noisy_station_surface,route_search,train
홍제약 에서 영등포약 까지 어떻게 가나요,홍제역,영등포역,홍제약,영등포약,all_noisy_station_surface,route_search,train
아현 여기 에서 잠실 새내 까지 어떻게 가나요,아현역,잠실새내역,아현 여기,잠실 새내,all_noisy_station_surface,route_search,train
사울약 에서 홍대입구약 까지 환승 적은 경로 알려줘,서울역,홍대입구역,사울약,홍대입구약,all_noisy_station_surface,route_search,train
홍대 입구 여기 에서 사울역 까지 환승 적은 경로 알려줘,홍대입구역,서울역,홍대 입구 여기,사울역,all_noisy_station_surface,route_search,train
삼성 역 방향 막차 무악재 역 에서 탈 수 있나요,무악재역,삼성역,무악재 역,삼성 역,all_noisy_station_surface,last_train_check,train
무악재역이 에서 출발해서 선릉 역 까지 가고 싶어요,무악재역,선릉역,무악재역이,선릉 역,all_noisy_station_surface,route_search,train
사당 출발 서을역 도착 경로 알려줘,사당역,서울역,사당,서을역,all_noisy_station_surface,route_search,train
사울약 에서 홍대입국역 까지 마지막 지하철 있어,서울역,홍대입구역,사울약,홍대입국역,all_noisy_station_surface,last_train_check,train
구로 방향 막차 회현약 에서 탈 수 있나요,회현역,구로역,회현약,구로,all_noisy_station_surface,last_train_check,train
선릉 여기 에서 신도림 까지 마지막 지하철 있어,선릉역,신도림역,선릉 여기,신도림,all_noisy_station_surface,last_train_check,train
오목교역이 에서 영등포 역 까지 지금 지하철 탈 수 있어,오목교역,영등포역,오목교역이,영등포 역,all_noisy_station_surface,subway_availability_check,train
고속터미널 에서 마곡에 까지 가고 싶어요,고속터미널역,마곡역,고속터미널,마곡에,all_noisy_station_surface,route_search,train
당산약 에서 서울대입구력 까지 가는 길 알려줘,당산역,서울대입구역,당산약,서울대입구력,all_noisy_station_surface,route_search,train
강변 에서 녹사평에 까지 가는 길 알려줘,강변역,녹사평역,강변,녹사평에,all_noisy_station_surface,route_search,train
노량진 역 에서 목동에 까지 막차 끊겼으면 어떻게 가,노량진역,목동역,노량진 역,목동에,all_noisy_station_surface,alternative_route,train
여의도 여기 에서 미아 사거리 까지 택시 말고 가는 방법 있어,여의도역,미아사거리역,여의도 여기,미아 사거리,all_noisy_station_surface,alternative_route,train
수서 여기 에서 고속터미널약 까지 막차 끊겼으면 어떻게 가,수서역,고속터미널역,수서 여기,고속터미널약,all_noisy_station_surface,alternative_route,train
서울역이 출발 숙대 입국역 도착 경로 알려줘,서울역,숙대입구역,서울역이,숙대 입국역,all_noisy_station_surface,route_search,train
우장산에 방향 막차 무악재 역 에서 탈 수 있나요,무악재역,우장산역,무악재 역,우장산에,all_noisy_station_surface,last_train_check,train
서울력 까지 가야 하는데 을지 로입구 에서 어떻게 가요,을지로입구역,서울역,을지 로입구,서울력,all_noisy_station_surface,route_search,train
압구 정로데오 에서 잠실 역 까지 가고 싶어요,압구정로데오역,잠실역,압구 정로데오,잠실 역,all_noisy_station_surface,route_search,train
봉은사역이 에서 선릉역이 까지 환승 적은 경로 알려줘,봉은사역,선릉역,봉은사역이,선릉역이,all_noisy_station_surface,route_search,train
가락시장약 에서 이대역이 까지 막차 끊겼으면 어떻게 가,가락시장역,이대역,가락시장약,이대역이,all_noisy_station_surface,alternative_route,train
서을역 에서 신설동에 까지 마지막 지하철 있어,서울역,신설동역,서을역,신설동에,all_noisy_station_surface,last_train_check,train
서울 여기 에서 홍대입고역 까지 막차 끊겼으면 어떻게 가,서울역,홍대입구역,서울 여기,홍대입고역,all_noisy_station_surface,alternative_route,train
압구정 여기 에서 출발해서 신림 까지 가고 싶어요,압구정역,신림역,압구정 여기,신림,all_noisy_station_surface,route_search,train
성신여대입고 부터 종합운동장역이 까지 대중교통 알려줘,성신여대입구역,종합운동장역,성신여대입고,종합운동장역이,all_noisy_station_surface,route_search,train
구로 디지털단지역 에서 상봉 까지 지하철 없으면 버스로 갈 수 있어요,구로디지털단지역,상봉역,구로 디지털단지역,상봉,all_noisy_station_surface,alternative_route,train
을지로 이꾸역 에서 서울 역 까지 택시 말고 가는 방법 있어,을지로입구역,서울역,을지로 이꾸역,서울 역,all_noisy_station_surface,alternative_route,train
을지로입구 역 에서 서울 역 까지 막차 남았어,을지로입구역,서울역,을지로입구 역,서울 역,all_noisy_station_surface,last_train_check,train
구로역이 에서 월드컵경기장 까지 가는 길 알려줘,구로역,월드컵경기장역,구로역이,월드컵경기장,all_noisy_station_surface,route_search,train
시청에 에서 출발해서 여의도 까지 가고 싶어요,시청역,여의도역,시청에,여의도,all_noisy_station_surface,route_search,train
미아 사거리 에서 안국력 까지 지하철 운행 중이야,미아사거리역,안국역,미아 사거리,안국력,all_noisy_station_surface,subway_availability_check,train
사당 역 출발 영등포 역 도착 경로 알려줘,사당역,영등포역,사당 역,영등포 역,all_noisy_station_surface,route_search,train
서월역 에서 을지로 입고 까지 환승 적은 경로 알려줘,서울역,을지로입구역,서월역,을지로 입고,all_noisy_station_surface,route_search,train
안국력 에서 장지력 까지 지하철 운행 중이야,안국역,장지역,안국력,장지력,all_noisy_station_surface,subway_availability_check,train
잠실새내 에서 석촌 역 까지 가고 싶어요,잠실새내역,석촌역,잠실새내,석촌 역,all_noisy_station_surface,route_search,train
서월역 출발 홍대입국역 도착 경로 알려줘,서울역,홍대입구역,서월역,홍대입국역,all_noisy_station_surface,route_search,train
마포구청약 에서 석촌약 까지 마지막 지하철 있어,마포구청역,석촌역,마포구청약,석촌약,all_noisy_station_surface,last_train_check,train
잠실 여기 에서 고속터미널 역 까지 가고 싶어요,잠실역,고속터미널역,잠실 여기,고속터미널 역,all_noisy_station_surface,route_search,train
망원역이 에서 애오개약 까지 막차 남았어,망원역,애오개역,망원역이,애오개약,all_noisy_station_surface,last_train_check,train
을지로입구 역 에서 서월역 까지 택시 말고 가는 방법 있어,을지로입구역,서울역,을지로입구 역,서월역,all_noisy_station_surface,alternative_route,train
홍대 입구 여기 에서 서을역 까지 막차 남았어,홍대입구역,서울역,홍대 입구 여기,서을역,all_noisy_station_surface,last_train_check,train
명동 에서 건대입고역 까지 다른 방법 알려줘,명동역,건대입구역,명동,건대입고역,all_noisy_station_surface,alternative_route,train
잠실약 에서 영등포역이 까지 다른 방법 알려줘,잠실역,영등포역,잠실약,영등포역이,all_noisy_station_surface,alternative_route,train
이태원 여기 에서 연신내 역 까지 가고 싶어요,이태원역,연신내역,이태원 여기,연신내 역,all_noisy_station_surface,route_search,train
숙대 입고 여기 에서 서을역 까지 택시 말고 가는 방법 있어,숙대입구역,서울역,숙대 입고 여기,서을역,all_noisy_station_surface,alternative_route,train
양재 역 에서 오목교 까지 택시 말고 가는 방법 있어,양재역,오목교역,양재 역,오목교,all_noisy_station_surface,alternative_route,train
올림픽 공원 에서 광화문 역 까지 지하철 없으면 버스로 갈 수 있어요,올림픽공원역,광화문역,올림픽 공원,광화문 역,all_noisy_station_surface,alternative_route,train
뚝섬력 에서 아현 역 까지 막차 끊겼으면 어떻게 가,뚝섬역,아현역,뚝섬력,아현 역,all_noisy_station_surface,alternative_route,train
애오개력 에서 역삼약 까지 지금 지하철 탈 수 있어,애오개역,역삼역,애오개력,역삼약,all_noisy_station_surface,subway_availability_check,train
잠실에 에서 충무 로 까지 지하철 없으면 버스로 갈 수 있어요,잠실역,충무로역,잠실에,충무 로,all_noisy_station_surface,alternative_route,train
마포구청에 에서 천호 여기 까지 지하철 없으면 버스로 갈 수 있어요,마포구청역,천호역,마포구청에,천호 여기,all_noisy_station_surface,alternative_route,train
당산약 에서 광화문 여기 까지 제일 쉬운 길 알려줘,당산역,광화문역,당산약,광화문 여기,all_noisy_station_surface,route_search,train
복정 역 까지 가야 하는데 상수에 에서 어떻게 가요,상수역,복정역,상수에,복정 역,all_noisy_station_surface,route_search,train
숙데입구 에서 신설 동 까지 어떻게 가나요,숙대입구역,신설동역,숙데입구,신설 동,all_noisy_station_surface,route_search,train
홍대입고 에서 서울약 까지 환승 적은 경로 알려줘,홍대입구역,서울역,홍대입고,서울약,all_noisy_station_surface,route_search,train
홍대 입구 여기 에서 사울역 까지 택시 말고 가는 방법 있어,홍대입구역,서울역,홍대 입구 여기,사울역,all_noisy_station_surface,alternative_route,train
잠실새내 역 에서 상수 여기 까지 가는 길 알려줘,잠실새내역,상수역,잠실새내 역,상수 여기,all_noisy_station_surface,route_search,train
홍대입구역이 에서 서울력 까지 제일 쉬운 길 알려줘,홍대입구역,서울역,홍대입구역이,서울력,all_noisy_station_surface,route_search,train
목동역이 부터 미아 사거리 까지 대중교통 알려줘,목동역,미아사거리역,목동역이,미아 사거리,all_noisy_station_surface,route_search,train
삼성역이 에서 올림픽 공원역 까지 지하철 운행 중이야,삼성역,올림픽공원역,삼성역이,올림픽 공원역,all_noisy_station_surface,subway_availability_check,train
복정 역 까지 가야 하는데 교대력 에서 어떻게 가요,교대역,복정역,교대력,복정 역,all_noisy_station_surface,route_search,train
구파 발 에서 화곡력 까지 막차 남았어,구파발역,화곡역,구파 발,화곡력,all_noisy_station_surface,last_train_check,train
광화문 에서 혜화 까지 제일 쉬운 길 알려줘,광화문역,혜화역,광화문,혜화,all_noisy_station_surface,route_search,train
오금 역 출발 마포 역 도착 경로 알려줘,오금역,마포역,오금 역,마포 역,all_noisy_station_surface,route_search,train
숙대입구역이 에서 사울약 까지 환승 적은 경로 알려줘,숙대입구역,서울역,숙대입구역이,사울약,all_noisy_station_surface,route_search,train
시청 에서 숙대입구력 까지 가고 싶어요,시청역,숙대입구역,시청,숙대입구력,all_noisy_station_surface,route_search,train
명동 여기 방향 막차 당산 에서 탈 수 있나요,당산역,명동역,당산,명동 여기,all_noisy_station_surface,last_train_check,train
도곡 에서 출발해서 연신내역이 까지 가고 싶어요,도곡역,연신내역,도곡,연신내역이,all_noisy_station_surface,route_search,train
시청 역 에서 출발해서 성신여데입구 까지 가고 싶어요,시청역,성신여대입구역,시청 역,성신여데입구,all_noisy_station_surface,route_search,train
방이 역 에서 문정 까지 다른 방법 알려줘,방이역,문정역,방이 역,문정,all_noisy_station_surface,alternative_route,train
숙대 입고 에서 서울 녁 까지 가고 싶어요,숙대입구역,서울역,숙대 입고,서울 녁,all_noisy_station_surface,route_search,train
이대약 부터 홍제력 까지 대중교통 알려줘,이대역,홍제역,이대약,홍제력,all_noisy_station_surface,route_search,train
불광약 에서 마포구청 여기 까지 마지막 지하철 있어,불광역,마포구청역,불광약,마포구청 여기,all_noisy_station_surface,last_train_check,train
이태원력 에서 교대 까지 막차 끊겼나요,이태원역,교대역,이태원력,교대,all_noisy_station_surface,last_train_check,train
혜화역이 에서 건데입구 까지 가는 길 알려줘,혜화역,건대입구역,혜화역이,건데입구,all_noisy_station_surface,route_search,train
합정력 까지 가야 하는데 방이력 에서 어떻게 가요,방이역,합정역,방이력,합정력,all_noisy_station_surface,route_search,train
사당약 에서 사울역 까지 막차 남았어,사당역,서울역,사당약,사울역,all_noisy_station_surface,last_train_check,train
상수약 에서 구로디지털 여기 까지 막차 남았어,상수역,구로디지털단지역,상수약,구로디지털 여기,all_noisy_station_surface,last_train_check,train
애오개력 에서 장지 여기 까지 택시 말고 가는 방법 있어,애오개역,장지역,애오개력,장지 여기,all_noisy_station_surface,alternative_route,train
홍대입구약 에서 숙대입구력 까지 지금 지하철 탈 수 있어,홍대입구역,숙대입구역,홍대입구약,숙대입구력,all_noisy_station_surface,subway_availability_check,train
동대 문 에서 상수 역 까지 지하철 없으면 버스로 갈 수 있어요,동대문역,상수역,동대 문,상수 역,all_noisy_station_surface,alternative_route,train
김포공항 방향 막차 강변에 에서 탈 수 있나요,강변역,김포공항역,강변에,김포공항,all_noisy_station_surface,last_train_check,train
선릉력 에서 서울대입구 여기 까지 막차 끊겼으면 어떻게 가,선릉역,서울대입구역,선릉력,서울대입구 여기,all_noisy_station_surface,alternative_route,train
을지로입구력 에서 충무로에 까지 가는 길 알려줘,을지로입구역,충무로역,을지로입구력,충무로에,all_noisy_station_surface,route_search,train
홍대 입구 여기 에서 서을역 까지 지금 지하철 탈 수 있어,홍대입구역,서울역,홍대 입구 여기,서을역,all_noisy_station_surface,subway_availability_check,train
공덕 부터 망원에 까지 대중교통 알려줘,공덕역,망원역,공덕,망원에,all_noisy_station_surface,route_search,train
회현 여기 에서 까치산력 까지 가고 싶어요,회현역,까치산역,회현 여기,까치산력,all_noisy_station_surface,route_search,train
매봉 여기 에서 디지털미디어시티 여기 까지 마지막 지하철 있어,매봉역,디지털미디어시티역,매봉 여기,디지털미디어시티 여기,all_noisy_station_surface,last_train_check,train
혜화 에서 충정로력 까지 어떻게 가나요,혜화역,충정로역,혜화,충정로력,all_noisy_station_surface,route_search,train
시청역이 에서 숙대입구 까지 지하철 운행 중이야,시청역,숙대입구역,시청역이,숙대입구,all_noisy_station_surface,subway_availability_check,train
서월역 에서 을지로입구력 까지 택시 말고 가는 방법 있어,서울역,을지로입구역,서월역,을지로입구력,all_noisy_station_surface,alternative_route,train
가산디지털단지 여기 에서 안국약 까지 마지막 지하철 있어,가산디지털단지역,안국역,가산디지털단지 여기,안국약,all_noisy_station_surface,last_train_check,train
노량진 역 에서 김포공항 역 까지 막차 남았어,노량진역,김포공항역,노량진 역,김포공항 역,all_noisy_station_surface,last_train_check,train
신도림역이 에서 구로 역 까지 마지막 지하철 있어,신도림역,구로역,신도림역이,구로 역,all_noisy_station_surface,last_train_check,train
사울약 에서 을지로입고 까지 환승 적은 경로 알려줘,서울역,을지로입구역,사울약,을지로입고,all_noisy_station_surface,route_search,train
안국력 에서 구파발 까지 다른 방법 알려줘,안국역,구파발역,안국력,구파발,all_noisy_station_surface,alternative_route,train
압구정로데오력 에서 도곡에 까지 막차 끊겼나요,압구정로데오역,도곡역,압구정로데오력,도곡에,all_noisy_station_surface,last_train_check,train
구의 까지 가야 하는데 매봉 역 에서 어떻게 가요,매봉역,구의역,매봉 역,구의,all_noisy_station_surface,route_search,train
시청에 에서 숙대입구력 까지 택시 말고 가는 방법 있어,시청역,숙대입구역,시청에,숙대입구력,all_noisy_station_surface,alternative_route,train
공덕 여기 에서 한성대입고 까지 제일 쉬운 길 알려줘,공덕역,한성대입구역,공덕 여기,한성대입고,all_noisy_station_surface,route_search,train
강남 부터 숙대입구 역 까지 대중교통 알려줘,강남역,숙대입구역,강남,숙대입구 역,all_noisy_station_surface,route_search,train
충정로 여기 에서 왕십리 역 까지 지하철 운행 중이야,충정로역,왕십리역,충정로 여기,왕십리 역,all_noisy_station_surface,subway_availability_check,train
충정로역이 에서 오금 까지 환승 적은 경로 알려줘,충정로역,오금역,충정로역이,오금,all_noisy_station_surface,route_search,train
이태원에 에서 학여울 까지 막차 끊겼으면 어떻게 가,이태원역,학여울역,이태원에,학여울,all_noisy_station_surface,alternative_route,train
신설동약 에서 상수 여기 까지 제일 쉬운 길 알려줘,신설동역,상수역,신설동약,상수 여기,all_noisy_station_surface,route_search,train
화곡 에서 장지역이 까지 제일 쉬운 길 알려줘,화곡역,장지역,화곡,장지역이,all_noisy_station_surface,route_search,train
시청역이 에서 올림픽공원 여기 까지 택시 말고 가는 방법 있어,시청역,올림픽공원역,시청역이,올림픽공원 여기,all_noisy_station_surface,alternative_route,train
강남약 에서 대림 까지 지하철 없으면 버스로 갈 수 있어요,강남역,대림역,강남약,대림,all_noisy_station_surface,alternative_route,train
을지로 입구 여기 에서 서울약 까지 가는 길 알려줘,을지로입구역,서울역,을지로 입구 여기,서울약,all_noisy_station_surface,route_search,train
왕십리 방향 막차 홍제력 에서 탈 수 있나요,홍제역,왕십리역,홍제력,왕십리,all_noisy_station_surface,last_train_check,train
건대입구 에서 출발해서 노량진에 까지 가고 싶어요,건대입구역,노량진역,건대입구,노량진에,all_noisy_station_surface,route_search,train
수서약 에서 독립문역이 까지 가는 길 알려줘,수서역,독립문역,수서약,독립문역이,all_noisy_station_surface,route_search,train
상봉 역 에서 구로디지털단지약 까지 막차 끊겼으면 어떻게 가,상봉역,구로디지털단지역,상봉 역,구로디지털단지약,all_noisy_station_surface,alternative_route,train
디지털미디어시티력 에서 동대 문 까지 막차 남았어,디지털미디어시티역,동대문역,디지털미디어시티력,동대 문,all_noisy_station_surface,last_train_check,train
지금 홍대입구 에서 서울력 까지 막차 탈 수 있어,홍대입구역,서울역,홍대입구,서울력,all_noisy_station_surface,last_train_check,train
서울력 에서 출발해서 홍대입구 여기 까지 가고 싶어요,서울역,홍대입구역,서울력,홍대입구 여기,all_noisy_station_surface,route_search,train
을지로입구에 에서 사울역 까지 가는 길 알려줘,을지로입구역,서울역,을지로입구에,사울역,all_noisy_station_surface,route_search,train
송파역이 에서 잠실새내역이 까지 막차 끊겼나요,송파역,잠실새내역,송파역이,잠실새내역이,all_noisy_station_surface,last_train_check,train
신촌 여기 에서 강동 여기 까지 택시 말고 가는 방법 있어,신촌역,강동역,신촌 여기,강동 여기,all_noisy_station_surface,alternative_route,train
서울에 에서 숙대 입구 까지 지하철 운행 중이야,서울역,숙대입구역,서울에,숙대 입구,all_noisy_station_surface,subway_availability_check,train
혜화에 방향 막차 김포공항 에서 탈 수 있나요,김포공항역,혜화역,김포공항,혜화에,all_noisy_station_surface,last_train_check,train
개봉약 에서 방이약 까지 막차 남았어,개봉역,방이역,개봉약,방이약,all_noisy_station_surface,last_train_check,train
구로약 에서 망원에 까지 다른 방법 알려줘,구로역,망원역,구로약,망원에,all_noisy_station_surface,alternative_route,train
신설동에 출발 이촌 도착 경로 알려줘,신설동역,이촌역,신설동에,이촌,all_noisy_station_surface,route_search,train
명동력 에서 고속터미널력 까지 다른 방법 알려줘,명동역,고속터미널역,명동력,고속터미널력,all_noisy_station_surface,alternative_route,train
시청에 에서 숙대입구 여기 까지 막차 남았어,시청역,숙대입구역,시청에,숙대입구 여기,all_noisy_station_surface,last_train_check,train
월드컵경기장역이 에서 연신내에 까지 마지막 지하철 있어,월드컵경기장역,연신내역,월드컵경기장역이,연신내에,all_noisy_station_surface,last_train_check,train
서울 여기 까지 가야 하는데 홍대입국역 에서 어떻게 가요,홍대입구역,서울역,홍대입국역,서울 여기,all_noisy_station_surface,route_search,train
석촌 역 에서 김포공항역이 까지 가는 길 알려줘,석촌역,김포공항역,석촌 역,김포공항역이,all_noisy_station_surface,route_search,train
애오개 여기 에서 마포구청역이 까지 막차 남았어,애오개역,마포구청역,애오개 여기,마포구청역이,all_noisy_station_surface,last_train_check,train
불광역이 에서 을지로입구역이 까지 막차 끊겼으면 어떻게 가,불광역,을지로입구역,불광역이,을지로입구역이,all_noisy_station_surface,alternative_route,train
압구정로데오역이 에서 신도림역이 까지 마지막 지하철 있어,압구정로데오역,신도림역,압구정로데오역이,신도림역이,all_noisy_station_surface,last_train_check,train
건대입구 여기 에서 용산약 까지 택시 말고 가는 방법 있어,건대입구역,용산역,건대입구 여기,용산약,all_noisy_station_surface,alternative_route,train
홍대 이꾸역 출발 숙대입구력 도착 경로 알려줘,홍대입구역,숙대입구역,홍대 이꾸역,숙대입구력,all_noisy_station_surface,route_search,train
봉은사에 에서 건대입구 까지 환승 적은 경로 알려줘,봉은사역,건대입구역,봉은사에,건대입구,all_noisy_station_surface,route_search,train
구로 디지털단지역 에서 영등포약 까지 가고 싶어요,구로디지털단지역,영등포역,구로 디지털단지역,영등포약,all_noisy_station_surface,route_search,train
안국역이 까지 가야 하는데 구파발 여기 에서 어떻게 가요,구파발역,안국역,구파발 여기,안국역이,all_noisy_station_surface,route_search,train
홍대 입고 에서 출발해서 숙대 입구 까지 가고 싶어요,홍대입구역,숙대입구역,홍대 입고,숙대 입구,all_noisy_station_surface,route_search,train
왕십리력 에서 방이 역 까지 다른 방법 알려줘,왕십리역,방이역,왕십리력,방이 역,all_noisy_station_surface,alternative_route,train
동대문 여기 까지 가야 하는데 까치산역이 에서 어떻게 가요,까치산역,동대문역,까치산역이,동대문 여기,all_noisy_station_surface,route_search,train
시청 역 방향 막차 역삼력 에서 탈 수 있나요,역삼역,시청역,역삼력,시청 역,all_noisy_station_surface,last_train_check,train
수유 여기 에서 한강진력 까지 지금 지하철 탈 수 있어,수유역,한강진역,수유 여기,한강진력,all_noisy_station_surface,subway_availability_check,train
숙대 입구 여기 에서 서울 역 까지 막차 끊겼으면 어떻게 가,숙대입구역,서울역,숙대 입구 여기,서울 역,all_noisy_station_surface,alternative_route,train
을지로입구에 방향 막차 서을역 에서 탈 수 있나요,서울역,을지로입구역,서을역,을지로입구에,all_noisy_station_surface,last_train_check,train
시청에 에서 숙대 입국역 까지 환승 적은 경로 알려줘,시청역,숙대입구역,시청에,숙대 입국역,all_noisy_station_surface,route_search,train
방이력 까지 가야 하는데 압구정로데오에 에서 어떻게 가요,압구정로데오역,방이역,압구정로데오에,방이력,all_noisy_station_surface,route_search,train
숙대 입국역 에서 서울에 까지 가고 싶어요,숙대입구역,서울역,숙대 입국역,서울에,all_noisy_station_surface,route_search,train
서울 여기 까지 가야 하는데 을지로입구역이 에서 어떻게 가요,을지로입구역,서울역,을지로입구역이,서울 여기,all_noisy_station_surface,route_search,train
시청역이 에서 숙대 입국역 까지 가는 길 알려줘,시청역,숙대입구역,시청역이,숙대 입국역,all_noisy_station_surface,route_search,train
명동 출발 상봉 여기 도착 경로 알려줘,명동역,상봉역,명동,상봉 여기,all_noisy_station_surface,route_search,train
지금 사당에 에서 서울 녁 까지 막차 탈 수 있어,사당역,서울역,사당에,서울 녁,all_noisy_station_surface,last_train_check,train
신설동력 에서 공덕 여기 까지 지하철 없으면 버스로 갈 수 있어요,신설동역,공덕역,신설동력,공덕 여기,all_noisy_station_surface,alternative_route,train
서울 여기 에서 홍대입국역 까지 택시 말고 가는 방법 있어,서울역,홍대입구역,서울 여기,홍대입국역,all_noisy_station_surface,alternative_route,train
공덕 까지 가야 하는데 건대입구약 에서 어떻게 가요,건대입구역,공덕역,건대입구약,공덕,all_noisy_station_surface,route_search,train
수유에 에서 안국 여기 까지 막차 끊겼나요,수유역,안국역,수유에,안국 여기,all_noisy_station_surface,last_train_check,train
홍대 입구 여기 에서 사울약 까지 제일 쉬운 길 알려줘,홍대입구역,서울역,홍대 입구 여기,사울약,all_noisy_station_surface,route_search,train
강변약 에서 송파약 까지 가는 길 알려줘,강변역,송파역,강변약,송파약,all_noisy_station_surface,route_search,train
서울 여기 에서 숙대입구약 까지 다른 방법 알려줘,서울역,숙대입구역,서울 여기,숙대입구약,all_noisy_station_surface,alternative_route,train
홍대 이꾸역 에서 출발해서 숙대 입구역 까지 가고 싶어요,홍대입구역,숙대입구역,홍대 이꾸역,숙대 입구역,all_noisy_station_surface,route_search,train
사당 여기 출발 강남에 도착 경로 알려줘,사당역,강남역,사당 여기,강남에,all_noisy_station_surface,route_search,train
홍대 입구역 에서 숙대입구 여기 까지 환승 적은 경로 알려줘,홍대입구역,숙대입구역,홍대 입구역,숙대입구 여기,all_noisy_station_surface,route_search,train
대림약 에서 성수에 까지 가고 싶어요,대림역,성수역,대림약,성수에,all_noisy_station_surface,route_search,train
서울에 에서 숙데입구 까지 막차 끊겼나요,서울역,숙대입구역,서울에,숙데입구,all_noisy_station_surface,last_train_check,train
개봉 여기 에서 용산 여기 까지 어떻게 가나요,개봉역,용산역,개봉 여기,용산 여기,all_noisy_station_surface,route_search,train
서울대입고역 출발 대치역이 도착 경로 알려줘,서울대입구역,대치역,서울대입고역,대치역이,all_noisy_station_surface,route_search,train
이촌 역 에서 충정로력 까지 어떻게 가나요,이촌역,충정로역,이촌 역,충정로력,all_noisy_station_surface,route_search,train
학여 울역 에서 홍제약 까지 제일 쉬운 길 알려줘,학여울역,홍제역,학여 울역,홍제약,all_noisy_station_surface,route_search,train
서울 에서 숙대입구 까지 막차 끊겼으면 어떻게 가,서울역,숙대입구역,서울,숙대입구,all_noisy_station_surface,alternative_route,train
무악재에 방향 막차 혜화력 에서 탈 수 있나요,혜화역,무악재역,혜화력,무악재에,all_noisy_station_surface,last_train_check,train
강남력 에서 숙대 입구역 까지 가고 싶어요,강남역,숙대입구역,강남력,숙대 입구역,all_noisy_station_surface,route_search,train
시청 여기 에서 월드컵경기장 까지 다른 방법 알려줘,시청역,월드컵경기장역,시청 여기,월드컵경기장,all_noisy_station_surface,alternative_route,train
지금 성신여대입구약 에서 무악재역이 까지 막차 탈 수 있어,성신여대입구역,무악재역,성신여대입구약,무악재역이,all_noisy_station_surface,last_train_check,train
문정력 에서 강동력 까지 막차 끊겼으면 어떻게 가,문정역,강동역,문정력,강동력,all_noisy_station_surface,alternative_route,train
용산력 까지 가야 하는데 선릉 역 에서 어떻게 가요,선릉역,용산역,선릉 역,용산력,all_noisy_station_surface,route_search,train
선릉약 에서 불광 까지 지금 지하철 탈 수 있어,선릉역,불광역,선릉약,불광,all_noisy_station_surface,subway_availability_check,train
우장산 에서 출발해서 대치 역 까지 가고 싶어요,우장산역,대치역,우장산,대치 역,all_noisy_station_surface,route_search,train
신촌 역 에서 구파발약 까지 마지막 지하철 있어,신촌역,구파발역,신촌 역,구파발약,all_noisy_station_surface,last_train_check,train
양재역이 에서 성수 여기 까지 가는 길 알려줘,양재역,성수역,양재역이,성수 여기,all_noisy_station_surface,route_search,train
가산 디지털단지 에서 문정 여기 까지 지금 지하철 탈 수 있어,가산디지털단지역,문정역,가산 디지털단지,문정 여기,all_noisy_station_surface,subway_availability_check,train
시청역이 에서 숙대 입구 여기 까지 택시 말고 가는 방법 있어,시청역,숙대입구역,시청역이,숙대 입구 여기,all_noisy_station_surface,alternative_route,train
매봉력 부터 천호 역 까지 대중교통 알려줘,매봉역,천호역,매봉력,천호 역,all_noisy_station_surface,route_search,train
지금 마포구청에 에서 합정역이 까지 막차 탈 수 있어,마포구청역,합정역,마포구청에,합정역이,all_noisy_station_surface,last_train_check,train
방이력 에서 월드컵경기장력 까지 지금 지하철 탈 수 있어,방이역,월드컵경기장역,방이력,월드컵경기장력,all_noisy_station_surface,subway_availability_check,train
수서 에서 동대문약 까지 어떻게 가나요,수서역,동대문역,수서,동대문약,all_noisy_station_surface,route_search,train
우장산 여기 에서 한성 대입구 까지 택시 말고 가는 방법 있어,우장산역,한성대입구역,우장산 여기,한성 대입구,all_noisy_station_surface,alternative_route,train
혜화 여기 에서 출발해서 여의도 여기 까지 가고 싶어요,혜화역,여의도역,혜화 여기,여의도 여기,all_noisy_station_surface,route_search,train
홍대 입구 에서 서울에 까지 택시 말고 가는 방법 있어,홍대입구역,서울역,홍대 입구,서울에,all_noisy_station_surface,alternative_route,train
강남 여기 에서 서울대입구 역 까지 지하철 없으면 버스로 갈 수 있어요,강남역,서울대입구역,강남 여기,서울대입구 역,all_noisy_station_surface,alternative_route,train
복정에 에서 성수 까지 지금 지하철 탈 수 있어,복정역,성수역,복정에,성수,all_noisy_station_surface,subway_availability_check,train
강남력 에서 동대문역사문화공원 까지 막차 끊겼나요,강남역,동대문역사문화공원역,강남력,동대문역사문화공원,all_noisy_station_surface,last_train_check,train
종각에 에서 왕십 리역 까지 다른 방법 알려줘,종각역,왕십리역,종각에,왕십 리역,all_noisy_station_surface,alternative_route,train
개봉 에서 홍제역이 까지 지금 지하철 탈 수 있어,개봉역,홍제역,개봉,홍제역이,all_noisy_station_surface,subway_availability_check,train
서울 에서 을지로 입구역 까지 지금 지하철 탈 수 있어,서울역,을지로입구역,서울,을지로 입구역,all_noisy_station_surface,subway_availability_check,train
홍대입구역이 에서 숙데입구 까지 지하철 없으면 버스로 갈 수 있어요,홍대입구역,숙대입구역,홍대입구역이,숙데입구,all_noisy_station_surface,alternative_route,train
김포공항력 에서 성수에 까지 택시 말고 가는 방법 있어,김포공항역,성수역,김포공항력,성수에,all_noisy_station_surface,alternative_route,train
서울에 에서 숙대 입고 까지 다른 방법 알려줘,서울역,숙대입구역,서울에,숙대 입고,all_noisy_station_surface,alternative_route,train
을지 로입구 출발 서울약 도착 경로 알려줘,을지로입구역,서울역,을지 로입구,서울약,all_noisy_station_surface,route_search,train
잠실새내 역 에서 시청력 까지 가는 길 알려줘,잠실새내역,시청역,잠실새내 역,시청력,all_noisy_station_surface,route_search,train
서울 역 에서 홍대 입구 여기 까지 막차 끊겼나요,서울역,홍대입구역,서울 역,홍대 입구 여기,all_noisy_station_surface,last_train_check,train
왕십리력 에서 구의 여기 까지 마지막 지하철 있어,왕십리역,구의역,왕십리력,구의 여기,all_noisy_station_surface,last_train_check,train
건대 입구 에서 구로 여기 까지 막차 끊겼으면 어떻게 가,건대입구역,구로역,건대 입구,구로 여기,all_noisy_station_surface,alternative_route,train
우장산력 부터 녹번역이 까지 대중교통 알려줘,우장산역,녹번역,우장산력,녹번역이,all_noisy_station_surface,route_search,train
혜화역이 에서 발산 역 까지 가는 길 알려줘,혜화역,발산역,혜화역이,발산 역,all_noisy_station_surface,route_search,train
서울 에서 을지로입구약 까지 지금 지하철 탈 수 있어,서울역,을지로입구역,서울,을지로입구약,all_noisy_station_surface,subway_availability_check,train
지금 숙대 입고 여기 에서 서울 여기 까지 막차 탈 수 있어,숙대입구역,서울역,숙대 입고 여기,서울 여기,all_noisy_station_surface,last_train_check,train
숙대입구역이 에서 사울역 까지 제일 쉬운 길 알려줘,숙대입구역,서울역,숙대입구역이,사울역,all_noisy_station_surface,route_search,train
마포구청 에서 동대문 문화공원역 까지 다른 방법 알려줘,마포구청역,동대문역사문화공원역,마포구청,동대문 문화공원역,all_noisy_station_surface,alternative_route,train
지금 오금 역 에서 을지로입고 까지 막차 탈 수 있어,오금역,을지로입구역,오금 역,을지로입고,all_noisy_station_surface,last_train_check,train
이대역이 에서 수서에 까지 가는 길 알려줘,이대역,수서역,이대역이,수서에,all_noisy_station_surface,route_search,train
개봉역이 에서 출발해서 서울대입구 역 까지 가고 싶어요,개봉역,서울대입구역,개봉역이,서울대입구 역,all_noisy_station_surface,route_search,train
애오개 에서 성수 여기 까지 택시 말고 가는 방법 있어,애오개역,성수역,애오개,성수 여기,all_noisy_station_surface,alternative_route,train
신림약 에서 망원 까지 어떻게 가나요,신림역,망원역,신림약,망원,all_noisy_station_surface,route_search,train
숙대 입구 여기 에서 서울 여기 까지 어떻게 가나요,숙대입구역,서울역,숙대 입구 여기,서울 여기,all_noisy_station_surface,route_search,train
무악재약 부터 압구정로데오약 까지 대중교통 알려줘,무악재역,압구정로데오역,무악재약,압구정로데오약,all_noisy_station_surface,route_search,train
가락시장역이 출발 천호역이 도착 경로 알려줘,가락시장역,천호역,가락시장역이,천호역이,all_noisy_station_surface,route_search,train
서울 녁 에서 홍대입국역 까지 가는 길 알려줘,서울역,홍대입구역,서울 녁,홍대입국역,all_noisy_station_surface,route_search,train
천호역이 에서 선릉역이 까지 지금 지하철 탈 수 있어,천호역,선릉역,천호역이,선릉역이,all_noisy_station_surface,subway_availability_check,train
서울역이 에서 장지력 까지 마지막 지하철 있어,서울역,장지역,서울역이,장지력,all_noisy_station_surface,last_train_check,train
올림픽공원력 에서 삼성약 까지 제일 쉬운 길 알려줘,올림픽공원역,삼성역,올림픽공원력,삼성약,all_noisy_station_surface,route_search,train
사울역 에서 동대 문역사문화공원 까지 막차 남았어,서울역,동대문역사문화공원역,사울역,동대 문역사문화공원,all_noisy_station_surface,last_train_check,train
압구정 로데오역 에서 김포공항약 까지 가는 길 알려줘,압구정로데오역,김포공항역,압구정 로데오역,김포공항약,all_noisy_station_surface,route_search,train
삼성 방향 막차 이태원력 에서 탈 수 있나요,이태원역,삼성역,이태원력,삼성,all_noisy_station_surface,last_train_check,train
사당 여기 에서 서울 역 까지 지금 지하철 탈 수 있어,사당역,서울역,사당 여기,서울 역,all_noisy_station_surface,subway_availability_check,train
을지로입고 에서 도곡에 까지 가고 싶어요,을지로입구역,도곡역,을지로입고,도곡에,all_noisy_station_surface,route_search,train
숙대입고역 에서 서울 녁 까지 막차 끊겼나요,숙대입구역,서울역,숙대입고역,서울 녁,all_noisy_station_surface,last_train_check,train
강남역이 방향 막차 디지털미디어시티 에서 탈 수 있나요,디지털미디어시티역,강남역,디지털미디어시티,강남역이,all_noisy_station_surface,last_train_check,train
연신내약 에서 가락시장 역 까지 가는 길 알려줘,연신내역,가락시장역,연신내약,가락시장 역,all_noisy_station_surface,route_search,train
지금 홍대 입구 여기 에서 사울역 까지 막차 탈 수 있어,홍대입구역,서울역,홍대 입구 여기,사울역,all_noisy_station_surface,last_train_check,train
합정 에서 출발해서 상봉 까지 가고 싶어요,합정역,상봉역,합정,상봉,all_noisy_station_surface,route_search,train
을지로입구력 부터 서울역이 까지 대중교통 알려줘,을지로입구역,서울역,을지로입구력,서울역이,all_noisy_station_surface,route_search,train
홍대입국역 에서 명동 까지 막차 끊겼으면 어떻게 가,홍대입구역,명동역,홍대입국역,명동,all_noisy_station_surface,alternative_route,train
강동 여기 에서 여의도 까지 제일 쉬운 길 알려줘,강동역,여의도역,강동 여기,여의도,all_noisy_station_surface,route_search,train
시청 에서 숙데입구 까지 다른 방법 알려줘,시청역,숙대입구역,시청,숙데입구,all_noisy_station_surface,alternative_route,train
학여울 에서 한성데입구 까지 다른 방법 알려줘,학여울역,한성대입구역,학여울,한성데입구,all_noisy_station_surface,alternative_route,train
지금 강변 역 에서 광화문 여기 까지 막차 탈 수 있어,강변역,광화문역,강변 역,광화문 여기,all_noisy_station_surface,last_train_check,train
둔촌 동 에서 미아사거리 역 까지 가고 싶어요,둔촌동역,미아사거리역,둔촌 동,미아사거리 역,all_noisy_station_surface,route_search,train
서울약 에서 숙대 입구역 까지 다른 방법 알려줘,서울역,숙대입구역,서울약,숙대 입구역,all_noisy_station_surface,alternative_route,train
서울에 에서 을지로입구 역 까지 지금 지하철 탈 수 있어,서울역,을지로입구역,서울에,을지로입구 역,all_noisy_station_surface,subway_availability_check,train
서울에 에서 을지로입구 까지 가고 싶어요,서울역,을지로입구역,서울에,을지로입구,all_noisy_station_surface,route_search,train
이대 역 에서 장지역이 까지 환승 적은 경로 알려줘,이대역,장지역,이대 역,장지역이,all_noisy_station_surface,route_search,train
성수약 에서 상수에 까지 마지막 지하철 있어,성수역,상수역,성수약,상수에,all_noisy_station_surface,last_train_check,train
홍제 에서 미아사거리약 까지 마지막 지하철 있어,홍제역,미아사거리역,홍제,미아사거리약,all_noisy_station_surface,last_train_check,train
잠실새내에 출발 을지로입구역이 도착 경로 알려줘,잠실새내역,을지로입구역,잠실새내에,을지로입구역이,all_noisy_station_surface,route_search,train
사울약 방향 막차 숙대입고 에서 탈 수 있나요,숙대입구역,서울역,숙대입고,사울약,all_noisy_station_surface,last_train_check,train
서울대입구 에서 월드컵 경기장역 까지 어떻게 가나요,서울대입구역,월드컵경기장역,서울대입구,월드컵 경기장역,all_noisy_station_surface,route_search,train
김포공항력 에서 신촌에 까지 지하철 없으면 버스로 갈 수 있어요,김포공항역,신촌역,김포공항력,신촌에,all_noisy_station_surface,alternative_route,train
사울약 에서 홍대입고역 까지 마지막 지하철 있어,서울역,홍대입구역,사울약,홍대입고역,all_noisy_station_surface,last_train_check,train
회현약 에서 명동 역 까지 막차 끊겼나요,회현역,명동역,회현약,명동 역,all_noisy_station_surface,last_train_check,train
혜화 에서 신촌 까지 막차 남았어,혜화역,신촌역,혜화,신촌,all_noisy_station_surface,last_train_check,train
삼성약 에서 건대입고 까지 환승 적은 경로 알려줘,삼성역,건대입구역,삼성약,건대입고,all_noisy_station_surface,route_search,train
지금 마곡약 에서 가산 디지털단지역 까지 막차 탈 수 있어,마곡역,가산디지털단지역,마곡약,가산 디지털단지역,all_noisy_station_surface,last_train_check,train
홍대입구 역 에서 서울역이 까지 가고 싶어요,홍대입구역,서울역,홍대입구 역,서울역이,all_noisy_station_surface,route_search,train
서월역 부터 을지로입구약 까지 대중교통 알려줘,서울역,을지로입구역,서월역,을지로입구약,all_noisy_station_surface,route_search,train
서울약 에서 아현역이 까지 막차 끊겼으면 어떻게 가,서울역,아현역,서울약,아현역이,all_noisy_station_surface,alternative_route,train
오금 여기 에서 상봉에 까지 가는 길 알려줘,오금역,상봉역,오금 여기,상봉에,all_noisy_station_surface,route_search,train
독립문 여기 에서 가락시장역이 까지 제일 쉬운 길 알려줘,독립문역,가락시장역,독립문 여기,가락시장역이,all_noisy_station_surface,route_search,train
독립문 역 에서 서울대입구력 까지 지금 지하철 탈 수 있어,독립문역,서울대입구역,독립문 역,서울대입구력,all_noisy_station_surface,subway_availability_check,train
숙대 입구 에서 서월역 까지 지금 지하철 탈 수 있어,숙대입구역,서울역,숙대 입구,서월역,all_noisy_station_surface,subway_availability_check,train
종각역이 에서 청량리 여기 까지 어떻게 가나요,종각역,청량리역,종각역이,청량리 여기,all_noisy_station_surface,route_search,train
봉은사 여기 에서 삼성에 까지 마지막 지하철 있어,봉은사역,삼성역,봉은사 여기,삼성에,all_noisy_station_surface,last_train_check,train
구의약 에서 신설동역이 까지 다른 방법 알려줘,구의역,신설동역,구의약,신설동역이,all_noisy_station_surface,alternative_route,train
매봉 여기 에서 이태원약 까지 막차 남았어,매봉역,이태원역,매봉 여기,이태원약,all_noisy_station_surface,last_train_check,train
안국력 에서 당산약 까지 지하철 운행 중이야,안국역,당산역,안국력,당산약,all_noisy_station_surface,subway_availability_check,train
화곡 여기 에서 건대입구력 까지 환승 적은 경로 알려줘,화곡역,건대입구역,화곡 여기,건대입구력,all_noisy_station_surface,route_search,train
성신여대 이꾸역 에서 출발해서 서울에 까지 가고 싶어요,성신여대입구역,서울역,성신여대 이꾸역,서울에,all_noisy_station_surface,route_search,train
성수 여기 에서 애오개역이 까지 지하철 운행 중이야,성수역,애오개역,성수 여기,애오개역이,all_noisy_station_surface,subway_availability_check,train
동대문역이 에서 연신내 여기 까지 막차 남았어,동대문역,연신내역,동대문역이,연신내 여기,all_noisy_station_surface,last_train_check,train
을지로 입고 에서 목동 까지 어떻게 가나요,을지로입구역,목동역,을지로 입고,목동,all_noisy_station_surface,route_search,train
상수 역 출발 선릉 도착 경로 알려줘,상수역,선릉역,상수 역,선릉,all_noisy_station_surface,route_search,train
역삼 역 출발 석촌력 도착 경로 알려줘,역삼역,석촌역,역삼 역,석촌력,all_noisy_station_surface,route_search,train
서월역 에서 숙데입구 까지 막차 끊겼나요,서울역,숙대입구역,서월역,숙데입구,all_noisy_station_surface,last_train_check,train
사당역이 에서 안국에 까지 마지막 지하철 있어,사당역,안국역,사당역이,안국에,all_noisy_station_surface,last_train_check,train
시청 여기 에서 안국 여기 까지 환승 적은 경로 알려줘,시청역,안국역,시청 여기,안국 여기,all_noisy_station_surface,route_search,train
동대문 역사 문화공원역 에서 홍제 까지 가는 길 알려줘,동대문역사문화공원역,홍제역,동대문 역사 문화공원역,홍제,all_noisy_station_surface,route_search,train
홍대입고역 에서 수서 역 까지 가고 싶어요,홍대입구역,수서역,홍대입고역,수서 역,all_noisy_station_surface,route_search,train
시청에 에서 숙대 이꾸역 까지 지금 지하철 탈 수 있어,시청역,숙대입구역,시청에,숙대 이꾸역,all_noisy_station_surface,subway_availability_check,train
홍대 입고 에서 서울 까지 지하철 없으면 버스로 갈 수 있어요,홍대입구역,서울역,홍대 입고,서울,all_noisy_station_surface,alternative_route,train
천호력 부터 압구정력 까지 대중교통 알려줘,천호역,압구정역,천호력,압구정력,all_noisy_station_surface,route_search,train
매봉 역 에서 사당 여기 까지 택시 말고 가는 방법 있어,매봉역,사당역,매봉 역,사당 여기,all_noisy_station_surface,alternative_route,train
압구정 여기 에서 디지털 미디어 시티역 까지 막차 남았어,압구정역,디지털미디어시티역,압구정 여기,디지털 미디어 시티역,all_noisy_station_surface,last_train_check,train
문정 역 에서 충무로약 까지 가고 싶어요,문정역,충무로역,문정 역,충무로약,all_noisy_station_surface,route_search,train
지금 회현에 에서 화곡 역 까지 막차 탈 수 있어,회현역,화곡역,회현에,화곡 역,all_noisy_station_surface,last_train_check,train
성수역이 에서 종각 까지 마지막 지하철 있어,성수역,종각역,성수역이,종각,all_noisy_station_surface,last_train_check,train
공덕 여기 에서 숙대 입국역 까지 지하철 운행 중이야,공덕역,숙대입구역,공덕 여기,숙대 입국역,all_noisy_station_surface,subway_availability_check,train
상수역이 에서 올림픽공원약 까지 환승 적은 경로 알려줘,상수역,올림픽공원역,상수역이,올림픽공원약,all_noisy_station_surface,route_search,train
독립문 역 까지 가야 하는데 수서력 에서 어떻게 가요,수서역,독립문역,수서력,독립문 역,all_noisy_station_surface,route_search,train
홍대 입구 여기 에서 숙대입고 까지 가고 싶어요,홍대입구역,숙대입구역,홍대 입구 여기,숙대입고,all_noisy_station_surface,route_search,train
광화문 여기 에서 학여울에 까지 막차 끊겼으면 어떻게 가,광화문역,학여울역,광화문 여기,학여울에,all_noisy_station_surface,alternative_route,train
구로력 에서 출발해서 강변력 까지 가고 싶어요,구로역,강변역,구로력,강변력,all_noisy_station_surface,route_search,train
홍대입구약 출발 서울 역 도착 경로 알려줘,홍대입구역,서울역,홍대입구약,서울 역,all_noisy_station_surface,route_search,train
발산약 에서 문정 여기 까지 지금 지하철 탈 수 있어,발산역,문정역,발산약,문정 여기,all_noisy_station_surface,subway_availability_check,train
사당 여기 부터 서월역 까지 대중교통 알려줘,사당역,서울역,사당 여기,서월역,all_noisy_station_surface,route_search,train
성수 여기 에서 강남력 까지 막차 끊겼으면 어떻게 가,성수역,강남역,성수 여기,강남력,all_noisy_station_surface,alternative_route,train
을지로 입구역 에서 서울역이 까지 지하철 없으면 버스로 갈 수 있어요,을지로입구역,서울역,을지로 입구역,서울역이,all_noisy_station_surface,alternative_route,train
사당 에서 서울약 까지 다른 방법 알려줘,사당역,서울역,사당,서울약,all_noisy_station_surface,alternative_route,train
서울 역 에서 숙대입구 까지 환승 적은 경로 알려줘,서울역,숙대입구역,서울 역,숙대입구,all_noisy_station_surface,route_search,train
마곡 에서 한강진역이 까지 지하철 없으면 버스로 갈 수 있어요,마곡역,한강진역,마곡,한강진역이,all_noisy_station_surface,alternative_route,train
사당약 에서 서을역 까지 제일 쉬운 길 알려줘,사당역,서울역,사당약,서을역,all_noisy_station_surface,route_search,train
사울역 방향 막차 숙대입고 에서 탈 수 있나요,숙대입구역,서울역,숙대입고,사울역,all_noisy_station_surface,last_train_check,train
봉은사 에서 고속 터미널역 까지 막차 남았어,봉은사역,고속터미널역,봉은사,고속 터미널역,all_noisy_station_surface,last_train_check,train
안국 에서 혜화 역 까지 가는 길 알려줘,안국역,혜화역,안국,혜화 역,all_noisy_station_surface,route_search,train
마포 역 에서 천호 역 까지 막차 끊겼으면 어떻게 가,마포역,천호역,마포 역,천호 역,all_noisy_station_surface,alternative_route,train
사당 여기 에서 서울역이 까지 막차 남았어,사당역,서울역,사당 여기,서울역이,all_noisy_station_surface,last_train_check,train
합정역이 에서 압구정에 까지 제일 쉬운 길 알려줘,합정역,압구정역,합정역이,압구정에,all_noisy_station_surface,route_search,train
사울약 에서 홍대입구약 까지 다른 방법 알려줘,서울역,홍대입구역,사울약,홍대입구약,all_noisy_station_surface,alternative_route,train
망원력 에서 우장산 여기 까지 다른 방법 알려줘,망원역,우장산역,망원력,우장산 여기,all_noisy_station_surface,alternative_route,train
구로디지털단지에 에서 상봉 여기 까지 가고 싶어요,구로디지털단지역,상봉역,구로디지털단지에,상봉 여기,all_noisy_station_surface,route_search,train
지금 사당력 에서 서울 역 까지 막차 탈 수 있어,사당역,서울역,사당력,서울 역,all_noisy_station_surface,last_train_check,train
숙대 입국역 에서 동대문역사문화공원약 까지 지하철 없으면 버스로 갈 수 있어요,숙대입구역,동대문역사문화공원역,숙대 입국역,동대문역사문화공원약,all_noisy_station_surface,alternative_route,train
불광에 까지 가야 하는데 송파약 에서 어떻게 가요,송파역,불광역,송파약,불광에,all_noisy_station_surface,route_search,train
강동 역 부터 녹번약 까지 대중교통 알려줘,강동역,녹번역,강동 역,녹번약,all_noisy_station_surface,route_search,train
미아사거리약 에서 이태원에 까지 막차 남았어,미아사거리역,이태원역,미아사거리약,이태원에,all_noisy_station_surface,last_train_check,train
김포공항에 에서 왕십리 까지 제일 쉬운 길 알려줘,김포공항역,왕십리역,김포공항에,왕십리,all_noisy_station_surface,route_search,train
복정력 에서 출발해서 대치 역 까지 가고 싶어요,복정역,대치역,복정력,대치 역,all_noisy_station_surface,route_search,train
제기동 역 에서 잠실새내에 까지 막차 끊겼으면 어떻게 가,제기동역,잠실새내역,제기동 역,잠실새내에,all_noisy_station_surface,alternative_route,train
용산에 까지 가야 하는데 충무로 여기 에서 어떻게 가요,충무로역,용산역,충무로 여기,용산에,all_noisy_station_surface,route_search,train
영등포 역 에서 오금 여기 까지 제일 쉬운 길 알려줘,영등포역,오금역,영등포 역,오금 여기,all_noisy_station_surface,route_search,train
혜화에 까지 가야 하는데 아현 에서 어떻게 가요,아현역,혜화역,아현,혜화에,all_noisy_station_surface,route_search,train
고속터미널력 에서 애오개약 까지 막차 남았어,고속터미널역,애오개역,고속터미널력,애오개약,all_noisy_station_surface,last_train_check,train
강남 에서 숙대입고 까지 가는 길 알려줘,강남역,숙대입구역,강남,숙대입고,all_noisy_station_surface,route_search,train
사당력 에서 서을역 까지 마지막 지하철 있어,사당역,서울역,사당력,서을역,all_noisy_station_surface,last_train_check,train
무악재역이 에서 올림픽공원 여기 까지 제일 쉬운 길 알려줘,무악재역,올림픽공원역,무악재역이,올림픽공원 여기,all_noisy_station_surface,route_search,train
강남 여기 에서 홍대입고 까지 어떻게 가나요,강남역,홍대입구역,강남 여기,홍대입고,all_noisy_station_surface,route_search,train
복정에 에서 목동역이 까지 막차 남았어,복정역,목동역,복정에,목동역이,all_noisy_station_surface,last_train_check,train
매봉 여기 에서 불광약 까지 가는 길 알려줘,매봉역,불광역,매봉 여기,불광약,all_noisy_station_surface,route_search,train
망원력 에서 당산약 까지 다른 방법 알려줘,망원역,당산역,망원력,당산약,all_noisy_station_surface,alternative_route,train
강남에 에서 혜화에 까지 지금 지하철 탈 수 있어,강남역,혜화역,강남에,혜화에,all_noisy_station_surface,subway_availability_check,train
서울역이 에서 을지로입고 까지 막차 끊겼나요,서울역,을지로입구역,서울역이,을지로입고,all_noisy_station_surface,last_train_check,train
이대 역 에서 마곡약 까지 막차 끊겼으면 어떻게 가,이대역,마곡역,이대 역,마곡약,all_noisy_station_surface,alternative_route,train
연신내력 출발 학여울역이 도착 경로 알려줘,연신내역,학여울역,연신내력,학여울역이,all_noisy_station_surface,route_search,train
지금 을지로입구역이 에서 서울에 까지 막차 탈 수 있어,을지로입구역,서울역,을지로입구역이,서울에,all_noisy_station_surface,last_train_check,train
왕십 리역 에서 압구정약 까지 막차 남았어,왕십리역,압구정역,왕십 리역,압구정약,all_noisy_station_surface,last_train_check,train
김포공항 여기 에서 마포구청역이 까지 지금 지하철 탈 수 있어,김포공항역,마포구청역,김포공항 여기,마포구청역이,all_noisy_station_surface,subway_availability_check,train
을지로입구 에서 서울에 까지 제일 쉬운 길 알려줘,을지로입구역,서울역,을지로입구,서울에,all_noisy_station_surface,route_search,train
사당약 에서 서울역이 까지 막차 남았어,사당역,서울역,사당약,서울역이,all_noisy_station_surface,last_train_check,train
을지로 이꾸역 출발 서을역 도착 경로 알려줘,을지로입구역,서울역,을지로 이꾸역,서을역,all_noisy_station_surface,route_search,train
숙대입고 에서 사울약 까지 택시 말고 가는 방법 있어,숙대입구역,서울역,숙대입고,사울약,all_noisy_station_surface,alternative_route,train
선릉에 에서 성수 역 까지 제일 쉬운 길 알려줘,선릉역,성수역,선릉에,성수 역,all_noisy_station_surface,route_search,train
잠실새내력 에서 종각역이 까지 어떻게 가나요,잠실새내역,종각역,잠실새내력,종각역이,all_noisy_station_surface,route_search,train
숙대입구약 까지 가야 하는데 홍대입구역이 에서 어떻게 가요,홍대입구역,숙대입구역,홍대입구역이,숙대입구약,all_noisy_station_surface,route_search,train
을지로입구에 방향 막차 서울에 에서 탈 수 있나요,서울역,을지로입구역,서울에,을지로입구에,all_noisy_station_surface,last_train_check,train
불광에 에서 당산에 까지 막차 끊겼나요,불광역,당산역,불광에,당산에,all_noisy_station_surface,last_train_check,train
을지로입고 에서 사울역 까지 마지막 지하철 있어,을지로입구역,서울역,을지로입고,사울역,all_noisy_station_surface,last_train_check,train
서울 역 에서 을지로입구력 까지 다른 방법 알려줘,서울역,을지로입구역,서울 역,을지로입구력,all_noisy_station_surface,alternative_route,train
복정약 에서 방이역이 까지 제일 쉬운 길 알려줘,복정역,방이역,복정약,방이역이,all_noisy_station_surface,route_search,train
압구정약 에서 상봉 여기 까지 택시 말고 가는 방법 있어,압구정역,상봉역,압구정약,상봉 여기,all_noisy_station_surface,alternative_route,train
숙대 입고 여기 에서 사울약 까지 가는 길 알려줘,숙대입구역,서울역,숙대 입고 여기,사울약,all_noisy_station_surface,route_search,train
지금 까치산 여기 에서 방이약 까지 막차 탈 수 있어,까치산역,방이역,까치산 여기,방이약,all_noisy_station_surface,last_train_check,train
발산에 에서 석촌 여기 까지 택시 말고 가는 방법 있어,발산역,석촌역,발산에,석촌 여기,all_noisy_station_surface,alternative_route,train
구의력 출발 수유력 도착 경로 알려줘,구의역,수유역,구의력,수유력,all_noisy_station_surface,route_search,train
망원약 에서 종로 3가 까지 지하철 없으면 버스로 갈 수 있어요,망원역,종로3가역,망원약,종로 3가,all_noisy_station_surface,alternative_route,train
을지로 입구 여기 에서 서월역 까지 다른 방법 알려줘,을지로입구역,서울역,을지로 입구 여기,서월역,all_noisy_station_surface,alternative_route,train
동대 문역사문화공원 에서 압구정에 까지 마지막 지하철 있어,동대문역사문화공원역,압구정역,동대 문역사문화공원,압구정에,all_noisy_station_surface,last_train_check,train
종각 에서 홍대 입구 여기 까지 가는 길 알려줘,종각역,홍대입구역,종각,홍대 입구 여기,all_noisy_station_surface,route_search,train
서울 에서 을지로 이꾸역 까지 가고 싶어요,서울역,을지로입구역,서울,을지로 이꾸역,all_noisy_station_surface,route_search,train
여의도 에서 봉은사약 까지 어떻게 가나요,여의도역,봉은사역,여의도,봉은사약,all_noisy_station_surface,route_search,train
구의 에서 강남 여기 까지 지하철 없으면 버스로 갈 수 있어요,구의역,강남역,구의,강남 여기,all_noisy_station_surface,alternative_route,train
잠실력 에서 구의 까지 막차 끊겼으면 어떻게 가,잠실역,구의역,잠실력,구의,all_noisy_station_surface,alternative_route,train
선릉력 부터 독립문 까지 대중교통 알려줘,선릉역,독립문역,선릉력,독립문,all_noisy_station_surface,route_search,train
서울대입구력 에서 봉은사역이 까지 지하철 운행 중이야,서울대입구역,봉은사역,서울대입구력,봉은사역이,all_noisy_station_surface,subway_availability_check,train
여의도 여기 에서 잠실 까지 막차 끊겼나요,여의도역,잠실역,여의도 여기,잠실,all_noisy_station_surface,last_train_check,valid
종합운동장약 방향 막차 화곡 역 에서 탈 수 있나요,화곡역,종합운동장역,화곡 역,종합운동장약,all_noisy_station_surface,last_train_check,valid
장지약 에서 공덕 역 까지 제일 쉬운 길 알려줘,장지역,공덕역,장지약,공덕 역,all_noisy_station_surface,route_search,valid
약삼 방향 막차 이태원약 에서 탈 수 있나요,이태원역,역삼역,이태원약,약삼,all_noisy_station_surface,last_train_check,valid
구로디지털 단지역 에서 한성대입구약 까지 가고 싶어요,구로디지털단지역,한성대입구역,구로디지털 단지역,한성대입구약,all_noisy_station_surface,route_search,valid
석촌약 에서 홍제에 까지 막차 끊겼으면 어떻게 가,석촌역,홍제역,석촌약,홍제에,all_noisy_station_surface,alternative_route,valid
불광약 까지 가야 하는데 충정로 에서 어떻게 가요,충정로역,불광역,충정로,불광약,all_noisy_station_surface,route_search,valid
홍대 이꾸역 에서 서울역이 까지 택시 말고 가는 방법 있어,홍대입구역,서울역,홍대 이꾸역,서울역이,all_noisy_station_surface,alternative_route,valid
방이에 출발 학여울 역 도착 경로 알려줘,방이역,학여울역,방이에,학여울 역,all_noisy_station_surface,route_search,valid
올림픽공원 역 에서 녹사평 역 까지 어떻게 가나요,올림픽공원역,녹사평역,올림픽공원 역,녹사평 역,all_noisy_station_surface,route_search,valid
숙대입구력 에서 서울 여기 까지 막차 끊겼으면 어떻게 가,숙대입구역,서울역,숙대입구력,서울 여기,all_noisy_station_surface,alternative_route,valid
미아사거리력 에서 마포에 까지 다른 방법 알려줘,미아사거리역,마포역,미아사거리력,마포에,all_noisy_station_surface,alternative_route,valid
학여울에 에서 신도림력 까지 막차 남았어,학여울역,신도림역,학여울에,신도림력,all_noisy_station_surface,last_train_check,valid
홍대 입구 에서 고속터미널역이 까지 지하철 운행 중이야,홍대입구역,고속터미널역,홍대 입구,고속터미널역이,all_noisy_station_surface,subway_availability_check,valid
양재 역 에서 광화문력 까지 어떻게 가나요,양재역,광화문역,양재 역,광화문력,all_noisy_station_surface,route_search,valid
용산역이 방향 막차 청량리역이 에서 탈 수 있나요,청량리역,용산역,청량리역이,용산역이,all_noisy_station_surface,last_train_check,valid
뚝섬 에서 강변 역 까지 지금 지하철 탈 수 있어,뚝섬역,강변역,뚝섬,강변 역,all_noisy_station_surface,subway_availability_check,valid
충정로력 에서 오금약 까지 가는 길 알려줘,충정로역,오금역,충정로력,오금약,all_noisy_station_surface,route_search,valid
압구정로데오역이 에서 출발해서 수유 까지 가고 싶어요,압구정로데오역,수유역,압구정로데오역이,수유,all_noisy_station_surface,route_search,valid
지금 신도림약 에서 미아 사거리 까지 막차 탈 수 있어,신도림역,미아사거리역,신도림약,미아 사거리,all_noisy_station_surface,last_train_check,valid
강남에 에서 용산약 까지 지하철 없으면 버스로 갈 수 있어요,강남역,용산역,강남에,용산약,all_noisy_station_surface,alternative_route,valid
마곡 여기 방향 막차 아현력 에서 탈 수 있나요,아현역,마곡역,아현력,마곡 여기,all_noisy_station_surface,last_train_check,valid
학여울 여기 에서 안국 역 까지 택시 말고 가는 방법 있어,학여울역,안국역,학여울 여기,안국 역,all_noisy_station_surface,alternative_route,valid
개봉 여기 에서 동대문력 까지 지금 지하철 탈 수 있어,개봉역,동대문역,개봉 여기,동대문력,all_noisy_station_surface,subway_availability_check,valid
구의 여기 에서 망원 까지 환승 적은 경로 알려줘,구의역,망원역,구의 여기,망원,all_noisy_station_surface,route_search,valid
신촌력 에서 출발해서 까치산 까지 가고 싶어요,신촌역,까치산역,신촌력,까치산,all_noisy_station_surface,route_search,valid
가락시장에 에서 봉은사 역 까지 지하철 운행 중이야,가락시장역,봉은사역,가락시장에,봉은사 역,all_noisy_station_surface,subway_availability_check,valid
학여울 역 에서 출발해서 건대입구력 까지 가고 싶어요,학여울역,건대입구역,학여울 역,건대입구력,all_noisy_station_surface,route_search,valid
성신여대 입구역 에서 봉은사 여기 까지 마지막 지하철 있어,성신여대입구역,봉은사역,성신여대 입구역,봉은사 여기,all_noisy_station_surface,last_train_check,valid
동대문역이 에서 대림 역 까지 가고 싶어요,동대문역,대림역,동대문역이,대림 역,all_noisy_station_surface,route_search,valid
신도 림 에서 압구 정로데오 까지 지금 지하철 탈 수 있어,신도림역,압구정로데오역,신도 림,압구 정로데오,all_noisy_station_surface,subway_availability_check,valid
녹사평약 에서 발산역이 까지 막차 끊겼으면 어떻게 가,녹사평역,발산역,녹사평약,발산역이,all_noisy_station_surface,alternative_route,valid
강남약 에서 숙대입고 까지 마지막 지하철 있어,강남역,숙대입구역,강남약,숙대입고,all_noisy_station_surface,last_train_check,valid
안국역이 에서 잠실새내에 까지 환승 적은 경로 알려줘,안국역,잠실새내역,안국역이,잠실새내에,all_noisy_station_surface,route_search,valid
성수역이 에서 구로 디지털단지 까지 가고 싶어요,성수역,구로디지털단지역,성수역이,구로 디지털단지,all_noisy_station_surface,route_search,valid
서울 여기 에서 을지로입구 까지 가고 싶어요,서울역,을지로입구역,서울 여기,을지로입구,all_noisy_station_surface,route_search,valid
서울 녁 에서 홍대입구약 까지 다른 방법 알려줘,서울역,홍대입구역,서울 녁,홍대입구약,all_noisy_station_surface,alternative_route,valid
숙대 입구역 에서 서울역이 까지 막차 끊겼나요,숙대입구역,서울역,숙대 입구역,서울역이,all_noisy_station_surface,last_train_check,valid
망원에 에서 충무로 까지 어떻게 가나요,망원역,충무로역,망원에,충무로,all_noisy_station_surface,route_search,valid
숙대 입국역 까지 가야 하는데 시청력 에서 어떻게 가요,시청역,숙대입구역,시청력,숙대 입국역,all_noisy_station_surface,route_search,valid
미아 사거리역 에서 학여울 역 까지 지하철 운행 중이야,미아사거리역,학여울역,미아 사거리역,학여울 역,all_noisy_station_surface,subway_availability_check,valid
을지로입구약 에서 구의역이 까지 막차 끊겼으면 어떻게 가,을지로입구역,구의역,을지로입구약,구의역이,all_noisy_station_surface,alternative_route,valid
시청에 에서 숙대 입구 여기 까지 환승 적은 경로 알려줘,시청역,숙대입구역,시청에,숙대 입구 여기,all_noisy_station_surface,route_search,valid
사울약 까지 가야 하는데 홍대 입구 에서 어떻게 가요,홍대입구역,서울역,홍대 입구,사울약,all_noisy_station_surface,route_search,valid
충정로 여기 출발 왕십리역이 도착 경로 알려줘,충정로역,왕십리역,충정로 여기,왕십리역이,all_noisy_station_surface,route_search,valid
복정 여기 에서 목동역이 까지 지하철 운행 중이야,복정역,목동역,복정 여기,목동역이,all_noisy_station_surface,subway_availability_check,valid
숙대 입구 까지 가야 하는데 서울 역 에서 어떻게 가요,서울역,숙대입구역,서울 역,숙대 입구,all_noisy_station_surface,route_search,valid
석촌 역 방향 막차 불광력 에서 탈 수 있나요,불광역,석촌역,불광력,석촌 역,all_noisy_station_surface,last_train_check,valid
디지털 미디어 시티역 에서 혜화역이 까지 제일 쉬운 길 알려줘,디지털미디어시티역,혜화역,디지털 미디어 시티역,혜화역이,all_noisy_station_surface,route_search,valid
숙대 입구 부터 서울 여기 까지 대중교통 알려줘,숙대입구역,서울역,숙대 입구,서울 여기,all_noisy_station_surface,route_search,valid
시청 에서 숙대 입구 여기 까지 다른 방법 알려줘,시청역,숙대입구역,시청,숙대 입구 여기,all_noisy_station_surface,alternative_route,valid
개봉력 부터 까치산 여기 까지 대중교통 알려줘,개봉역,까치산역,개봉력,까치산 여기,all_noisy_station_surface,route_search,valid
서을역 부터 숙대 이꾸역 까지 대중교통 알려줘,서울역,숙대입구역,서을역,숙대 이꾸역,all_noisy_station_surface,route_search,valid
대림 여기 에서 우장산 까지 제일 쉬운 길 알려줘,대림역,우장산역,대림 여기,우장산,all_noisy_station_surface,route_search,valid
학여울에 에서 안국약 까지 제일 쉬운 길 알려줘,학여울역,안국역,학여울에,안국약,all_noisy_station_surface,route_search,valid
독립 문역 에서 가산 디지털단지역 까지 환승 적은 경로 알려줘,독립문역,가산디지털단지역,독립 문역,가산 디지털단지역,all_noisy_station_surface,route_search,valid
마포 구청 에서 성수력 까지 막차 끊겼나요,마포구청역,성수역,마포 구청,성수력,all_noisy_station_surface,last_train_check,valid
서울 녁 에서 숙대 입고 까지 마지막 지하철 있어,서울역,숙대입구역,서울 녁,숙대 입고,all_noisy_station_surface,last_train_check,valid
복정에 출발 가산디지털단지약 도착 경로 알려줘,복정역,가산디지털단지역,복정에,가산디지털단지약,all_noisy_station_surface,route_search,valid
홍대 이꾸역 에서 서울 녁 까지 지금 지하철 탈 수 있어,홍대입구역,서울역,홍대 이꾸역,서울 녁,all_noisy_station_surface,subway_availability_check,valid
동대문역사문화 공원 에서 애오 개역 까지 막차 끊겼으면 어떻게 가,동대문역사문화공원역,애오개역,동대문역사문화 공원,애오 개역,all_noisy_station_surface,alternative_route,valid
우장산약 에서 아현약 까지 택시 말고 가는 방법 있어,우장산역,아현역,우장산약,아현약,all_noisy_station_surface,alternative_route,valid
봉은사에 에서 대림력 까지 가는 길 알려줘,봉은사역,대림역,봉은사에,대림력,all_noisy_station_surface,route_search,valid
화곡 에서 충무로에 까지 어떻게 가나요,화곡역,충무로역,화곡,충무로에,all_noisy_station_surface,route_search,valid
숙대입구 에서 서울 녁 까지 막차 남았어,숙대입구역,서울역,숙대입구,서울 녁,all_noisy_station_surface,last_train_check,valid
지금 김포 공항 에서 충무 로 까지 막차 탈 수 있어,김포공항역,충무로역,김포 공항,충무 로,all_noisy_station_surface,last_train_check,valid
우장산 에서 출발해서 을지로입구 여기 까지 가고 싶어요,우장산역,을지로입구역,우장산,을지로입구 여기,all_noisy_station_surface,route_search,valid
학여울역이 에서 선릉 여기 까지 어떻게 가나요,학여울역,선릉역,학여울역이,선릉 여기,all_noisy_station_surface,route_search,valid
숙대입고역 에서 서울에 까지 어떻게 가나요,숙대입구역,서울역,숙대입고역,서울에,all_noisy_station_surface,route_search,valid
오금력 부터 잠실 새내 까지 대중교통 알려줘,오금역,잠실새내역,오금력,잠실 새내,all_noisy_station_surface,route_search,valid
시청에 까지 가야 하는데 문정에 에서 어떻게 가요,문정역,시청역,문정에,시청에,all_noisy_station_surface,route_search,valid
을지로입구 에서 서울 녁 까지 택시 말고 가는 방법 있어,을지로입구역,서울역,을지로입구,서울 녁,all_noisy_station_surface,alternative_route,valid
서울 녁 에서 홍대입구 여기 까지 택시 말고 가는 방법 있어,서울역,홍대입구역,서울 녁,홍대입구 여기,all_noisy_station_surface,alternative_route,valid
녹사평역이 에서 강남역이 까지 어떻게 가나요,녹사평역,강남역,녹사평역이,강남역이,all_noisy_station_surface,route_search,valid
강남에 에서 구로 디지털단지역 까지 택시 말고 가는 방법 있어,강남역,구로디지털단지역,강남에,구로 디지털단지역,all_noisy_station_surface,alternative_route,valid
신설 동 에서 대치역이 까지 가는 길 알려줘,신설동역,대치역,신설 동,대치역이,all_noisy_station_surface,route_search,valid
문정 부터 잠실 새내 까지 대중교통 알려줘,문정역,잠실새내역,문정,잠실 새내,all_noisy_station_surface,route_search,valid
둔촌동약 에서 상봉역이 까지 가는 길 알려줘,둔촌동역,상봉역,둔촌동약,상봉역이,all_noisy_station_surface,route_search,valid
을지로입구 에서 서울역이 까지 어떻게 가나요,을지로입구역,서울역,을지로입구,서울역이,all_noisy_station_surface,route_search,valid
독립문약 에서 개봉력 까지 지금 지하철 탈 수 있어,독립문역,개봉역,독립문약,개봉력,all_noisy_station_surface,subway_availability_check,valid
회현역이 에서 홍대 입구역 까지 마지막 지하철 있어,회현역,홍대입구역,회현역이,홍대 입구역,all_noisy_station_surface,last_train_check,valid
서울약 에서 홍대 입구 여기 까지 지하철 운행 중이야,서울역,홍대입구역,서울약,홍대 입구 여기,all_noisy_station_surface,subway_availability_check,valid
홍대 입구 여기 부터 숙대입구 여기 까지 대중교통 알려줘,홍대입구역,숙대입구역,홍대 입구 여기,숙대입구 여기,all_noisy_station_surface,route_search,valid
서울 역 에서 홍대입구 까지 막차 끊겼으면 어떻게 가,서울역,홍대입구역,서울 역,홍대입구,all_noisy_station_surface,alternative_route,valid
청량리약 에서 신도 림 까지 막차 끊겼으면 어떻게 가,청량리역,신도림역,청량리약,신도 림,all_noisy_station_surface,alternative_route,valid
서울력 에서 숙대 입국역 까지 가고 싶어요,서울역,숙대입구역,서울력,숙대 입국역,all_noisy_station_surface,route_search,valid
이대 역 방향 막차 마곡 역 에서 탈 수 있나요,마곡역,이대역,마곡 역,이대 역,all_noisy_station_surface,last_train_check,valid
서월역 에서 을지로입구 여기 까지 제일 쉬운 길 알려줘,서울역,을지로입구역,서월역,을지로입구 여기,all_noisy_station_surface,route_search,valid
홍제 여기 출발 충무로역이 도착 경로 알려줘,홍제역,충무로역,홍제 여기,충무로역이,all_noisy_station_surface,route_search,valid
이대 역 에서 잠실새내 역 까지 다른 방법 알려줘,이대역,잠실새내역,이대 역,잠실새내 역,all_noisy_station_surface,alternative_route,valid
구파발력 에서 합정 까지 가는 길 알려줘,구파발역,합정역,구파발력,합정,all_noisy_station_surface,route_search,valid
까치산 역 까지 가야 하는데 신촌 에서 어떻게 가요,신촌역,까치산역,신촌,까치산 역,all_noisy_station_surface,route_search,valid
지금 동대문력 에서 여의도 까지 막차 탈 수 있어,동대문역,여의도역,동대문력,여의도,all_noisy_station_surface,last_train_check,valid
한성대입구력 에서 아현력 까지 지하철 없으면 버스로 갈 수 있어요,한성대입구역,아현역,한성대입구력,아현력,all_noisy_station_surface,alternative_route,valid
문정역이 에서 출발해서 발산 역 까지 가고 싶어요,문정역,발산역,문정역이,발산 역,all_noisy_station_surface,route_search,valid
지금 서울력 에서 아현 역 까지 막차 탈 수 있어,서울역,아현역,서울력,아현 역,all_noisy_station_surface,last_train_check,valid
한강진역이 에서 마포역이 까지 막차 남았어,한강진역,마포역,한강진역이,마포역이,all_noisy_station_surface,last_train_check,valid
뚝섬력 에서 안국력 까지 어떻게 가나요,뚝섬역,안국역,뚝섬력,안국력,all_noisy_station_surface,route_search,valid
노량진 에서 공덕역이 까지 다른 방법 알려줘,노량진역,공덕역,노량진,공덕역이,all_noisy_station_surface,alternative_route,valid
지금 개봉 역 에서 양재력 까지 막차 탈 수 있어,개봉역,양재역,개봉 역,양재력,all_noisy_station_surface,last_train_check,valid
광화문약 에서 출발해서 디지털 미디어 시티역 까지 가고 싶어요,광화문역,디지털미디어시티역,광화문약,디지털 미디어 시티역,all_noisy_station_surface,route_search,valid
이촌 에서 강남 여기 까지 지하철 없으면 버스로 갈 수 있어요,이촌역,강남역,이촌,강남 여기,all_noisy_station_surface,alternative_route,valid
숙대입구약 방향 막차 강남약 에서 탈 수 있나요,강남역,숙대입구역,강남약,숙대입구약,all_noisy_station_surface,last_train_check,valid
아현력 에서 종각역이 까지 마지막 지하철 있어,아현역,종각역,아현력,종각역이,all_noisy_station_surface,last_train_check,valid
동대문 역 에서 한강진 여기 까지 마지막 지하철 있어,동대문역,한강진역,동대문 역,한강진 여기,all_noisy_station_surface,last_train_check,valid
선릉 역 에서 종합운동장에 까지 환승 적은 경로 알려줘,선릉역,종합운동장역,선릉 역,종합운동장에,all_noisy_station_surface,route_search,valid
사당 에서 서울 녁 까지 지하철 운행 중이야,사당역,서울역,사당,서울 녁,all_noisy_station_surface,subway_availability_check,valid
연신내역이 에서 대치역이 까지 가는 길 알려줘,연신내역,대치역,연신내역이,대치역이,all_noisy_station_surface,route_search,valid
종로3가력 에서 잠실 역 까지 다른 방법 알려줘,종로3가역,잠실역,종로3가력,잠실 역,all_noisy_station_surface,alternative_route,valid
노량진 에서 녹번역이 까지 가는 길 알려줘,노량진역,녹번역,노량진,녹번역이,all_noisy_station_surface,route_search,valid
서울약 에서 숙대입고 까지 가고 싶어요,서울역,숙대입구역,서울약,숙대입고,all_noisy_station_surface,route_search,valid
목동 에서 구의 까지 지금 지하철 탈 수 있어,목동역,구의역,목동,구의,all_noisy_station_surface,subway_availability_check,valid
숙대입고역 에서 서울력 까지 가는 길 알려줘,숙대입구역,서울역,숙대입고역,서울력,all_noisy_station_surface,route_search,valid
신도 림 에서 뚝섬 여기 까지 제일 쉬운 길 알려줘,신도림역,뚝섬역,신도 림,뚝섬 여기,all_noisy_station_surface,route_search,valid
개봉약 에서 녹사평 역 까지 지하철 없으면 버스로 갈 수 있어요,개봉역,녹사평역,개봉약,녹사평 역,all_noisy_station_surface,alternative_route,valid
한강진에 에서 우장산 까지 지하철 없으면 버스로 갈 수 있어요,한강진역,우장산역,한강진에,우장산,all_noisy_station_surface,alternative_route,valid
을지 로입구 출발 서울 역 도착 경로 알려줘,을지로입구역,서울역,을지 로입구,서울 역,all_noisy_station_surface,route_search,valid
안국에 에서 서울약 까지 가는 길 알려줘,안국역,서울역,안국에,서울약,all_noisy_station_surface,route_search,valid
강남에 에서 숙대입고 까지 마지막 지하철 있어,강남역,숙대입구역,강남에,숙대입고,all_noisy_station_surface,last_train_check,valid
삼성력 에서 구파발력 까지 지하철 없으면 버스로 갈 수 있어요,삼성역,구파발역,삼성력,구파발력,all_noisy_station_surface,alternative_route,valid
미아사거리 여기 부터 도곡 까지 대중교통 알려줘,미아사거리역,도곡역,미아사거리 여기,도곡,all_noisy_station_surface,route_search,valid
구파발약 에서 강남약 까지 막차 남았어,구파발역,강남역,구파발약,강남약,all_noisy_station_surface,last_train_check,valid
김포공항약 에서 아현약 까지 다른 방법 알려줘,김포공항역,아현역,김포공항약,아현약,all_noisy_station_surface,alternative_route,valid
서울 에서 홍데입구 까지 가고 싶어요,서울역,홍대입구역,서울,홍데입구,all_noisy_station_surface,route_search,valid
삼성 에서 까치산력 까지 환승 적은 경로 알려줘,삼성역,까치산역,삼성,까치산력,all_noisy_station_surface,route_search,valid
서울약 에서 홍대입구 역 까지 지하철 없으면 버스로 갈 수 있어요,서울역,홍대입구역,서울약,홍대입구 역,all_noisy_station_surface,alternative_route,valid
을지로입구 여기 에서 도곡 역 까지 가고 싶어요,을지로입구역,도곡역,을지로입구 여기,도곡 역,all_noisy_station_surface,route_search,valid
수서에 에서 마곡 여기 까지 가는 길 알려줘,수서역,마곡역,수서에,마곡 여기,all_noisy_station_surface,route_search,valid
종합운동장약 에서 DMC역 까지 환승 적은 경로 알려줘,종합운동장역,디지털미디어시티역,종합운동장약,DMC역,all_noisy_station_surface,route_search,valid
왕십리 역 방향 막차 충무로 역 에서 탈 수 있나요,충무로역,왕십리역,충무로 역,왕십리 역,all_noisy_station_surface,last_train_check,valid
독립문약 부터 고속터미널 까지 대중교통 알려줘,독립문역,고속터미널역,독립문약,고속터미널,all_noisy_station_surface,route_search,valid
서울력 에서 을지로 입구 여기 까지 지하철 없으면 버스로 갈 수 있어요,서울역,을지로입구역,서울력,을지로 입구 여기,all_noisy_station_surface,alternative_route,valid
당산 역 에서 미아사거리에 까지 택시 말고 가는 방법 있어,당산역,미아사거리역,당산 역,미아사거리에,all_noisy_station_surface,alternative_route,valid
녹번역이 부터 상수력 까지 대중교통 알려줘,녹번역,상수역,녹번역이,상수력,all_noisy_station_surface,route_search,valid
당산 에서 연신내역이 까지 지하철 운행 중이야,당산역,연신내역,당산,연신내역이,all_noisy_station_surface,subway_availability_check,valid
서울 에서 수유 까지 지금 지하철 탈 수 있어,서울역,수유역,서울,수유,all_noisy_station_surface,subway_availability_check,valid
우장산 역 에서 신촌약 까지 어떻게 가나요,우장산역,신촌역,우장산 역,신촌약,all_noisy_station_surface,route_search,valid
서울력 에서 홍대입구력 까지 택시 말고 가는 방법 있어,서울역,홍대입구역,서울력,홍대입구력,all_noisy_station_surface,alternative_route,valid
숙대 입고 에서 서울 녁 까지 택시 말고 가는 방법 있어,숙대입구역,서울역,숙대 입고,서울 녁,all_noisy_station_surface,alternative_route,valid
서울약 에서 을지로 이꾸역 까지 제일 쉬운 길 알려줘,서울역,을지로입구역,서울약,을지로 이꾸역,all_noisy_station_surface,route_search,valid
지금 을지 로입구 에서 서울 까지 막차 탈 수 있어,을지로입구역,서울역,을지 로입구,서울,all_noisy_station_surface,last_train_check,valid
올림픽공원에 에서 구의역이 까지 지하철 없으면 버스로 갈 수 있어요,올림픽공원역,구의역,올림픽공원에,구의역이,all_noisy_station_surface,alternative_route,valid
서을역 출발 홍대 입고 도착 경로 알려줘,서울역,홍대입구역,서을역,홍대 입고,all_noisy_station_surface,route_search,valid
서을역 에서 홍대입고역 까지 다른 방법 알려줘,서울역,홍대입구역,서을역,홍대입고역,all_noisy_station_surface,alternative_route,valid
이촌역이 에서 대림 까지 가고 싶어요,이촌역,대림역,이촌역이,대림,all_noisy_station_surface,route_search,valid
잠실역이 에서 종각력 까지 제일 쉬운 길 알려줘,잠실역,종각역,잠실역이,종각력,all_noisy_station_surface,route_search,valid
개봉력 에서 출발해서 녹사평역이 까지 가고 싶어요,개봉역,녹사평역,개봉력,녹사평역이,all_noisy_station_surface,route_search,valid
학여울에 에서 불광 역 까지 제일 쉬운 길 알려줘,학여울역,불광역,학여울에,불광 역,all_noisy_station_surface,route_search,valid
서울약 에서 출발해서 홍대입구 까지 가고 싶어요,서울역,홍대입구역,서울약,홍대입구,all_noisy_station_surface,route_search,valid
성수 부터 왕십리 여기 까지 대중교통 알려줘,성수역,왕십리역,성수,왕십리 여기,all_noisy_station_surface,route_search,valid
이촌에 에서 상봉 역 까지 막차 남았어,이촌역,상봉역,이촌에,상봉 역,all_noisy_station_surface,last_train_check,valid
숙대 입구역 에서 서울역이 까지 지금 지하철 탈 수 있어,숙대입구역,서울역,숙대 입구역,서울역이,all_noisy_station_surface,subway_availability_check,valid
서울 여기 방향 막차 을지로입구에 에서 탈 수 있나요,을지로입구역,서울역,을지로입구에,서울 여기,all_noisy_station_surface,last_train_check,valid
올림픽공원 역 에서 사당에 까지 택시 말고 가는 방법 있어,올림픽공원역,사당역,올림픽공원 역,사당에,all_noisy_station_surface,alternative_route,valid
미아사거리 방향 막차 안국약 에서 탈 수 있나요,안국역,미아사거리역,안국약,미아사거리,all_noisy_station_surface,last_train_check,valid
지금 마포력 에서 수서약 까지 막차 탈 수 있어,마포역,수서역,마포력,수서약,all_noisy_station_surface,last_train_check,valid
건대입구역이 에서 출발해서 을지로입구역이 까지 가고 싶어요,건대입구역,을지로입구역,건대입구역이,을지로입구역이,all_noisy_station_surface,route_search,valid
시청에 에서 교대약 까지 택시 말고 가는 방법 있어,시청역,교대역,시청에,교대약,all_noisy_station_surface,alternative_route,valid
홍대입구력 에서 숙데입구 까지 가고 싶어요,홍대입구역,숙대입구역,홍대입구력,숙데입구,all_noisy_station_surface,route_search,valid
둔촌동력 에서 출발해서 수유력 까지 가고 싶어요,둔촌동역,수유역,둔촌동력,수유력,all_noisy_station_surface,route_search,valid
지금 명동약 에서 선릉약 까지 막차 탈 수 있어,명동역,선릉역,명동약,선릉약,all_noisy_station_surface,last_train_check,test
서울대입구력 부터 상봉역이 까지 대중교통 알려줘,서울대입구역,상봉역,서울대입구력,상봉역이,all_noisy_station_surface,route_search,test
지금 을지로 입구 여기 에서 서울에 까지 막차 탈 수 있어,을지로입구역,서울역,을지로 입구 여기,서울에,all_noisy_station_surface,last_train_check,test
종합운동장에 에서 잠실 까지 제일 쉬운 길 알려줘,종합운동장역,잠실역,종합운동장에,잠실,all_noisy_station_surface,route_search,test
안국역이 에서 영등포 역 까지 가고 싶어요,안국역,영등포역,안국역이,영등포 역,all_noisy_station_surface,route_search,test
까치산약 에서 서울에 까지 지금 지하철 탈 수 있어,까치산역,서울역,까치산약,서울에,all_noisy_station_surface,subway_availability_check,test
홍대 이꾸역 까지 가야 하는데 서울 여기 에서 어떻게 가요,서울역,홍대입구역,서울 여기,홍대 이꾸역,all_noisy_station_surface,route_search,test
잠실약 에서 청량리역이 까지 제일 쉬운 길 알려줘,잠실역,청량리역,잠실약,청량리역이,all_noisy_station_surface,route_search,test
당산 여기 에서 역삼력 까지 환승 적은 경로 알려줘,당산역,역삼역,당산 여기,역삼력,all_noisy_station_surface,route_search,test
개봉 역 에서 녹사평에 까지 다른 방법 알려줘,개봉역,녹사평역,개봉 역,녹사평에,all_noisy_station_surface,alternative_route,test
홍대입국역 에서 숙대 입고 까지 어떻게 가나요,홍대입구역,숙대입구역,홍대입국역,숙대 입고,all_noisy_station_surface,route_search,test
신촌 출발 서울 녁 도착 경로 알려줘,신촌역,서울역,신촌,서울 녁,all_noisy_station_surface,route_search,test
사울약 에서 숙대입구역이 까지 환승 적은 경로 알려줘,서울역,숙대입구역,사울약,숙대입구역이,all_noisy_station_surface,route_search,test
홍대입고역 에서 서월역 까지 제일 쉬운 길 알려줘,홍대입구역,서울역,홍대입고역,서월역,all_noisy_station_surface,route_search,test
홍대 입구역 에서 서울 여기 까지 어떻게 가나요,홍대입구역,서울역,홍대 입구역,서울 여기,all_noisy_station_surface,route_search,test
홍제 여기 방향 막차 수서 에서 탈 수 있나요,수서역,홍제역,수서,홍제 여기,all_noisy_station_surface,last_train_check,test
홍대입구약 에서 숙대입구 까지 환승 적은 경로 알려줘,홍대입구역,숙대입구역,홍대입구약,숙대입구,all_noisy_station_surface,route_search,test
송파 에서 신설동약 까지 지하철 없으면 버스로 갈 수 있어요,송파역,신설동역,송파,신설동약,all_noisy_station_surface,alternative_route,test
가락시장약 에서 오금에 까지 가고 싶어요,가락시장역,오금역,가락시장약,오금에,all_noisy_station_surface,route_search,test
을지로입고역 에서 서을역 까지 가는 길 알려줘,을지로입구역,서울역,을지로입고역,서을역,all_noisy_station_surface,route_search,test
상수역이 방향 막차 명동에 에서 탈 수 있나요,명동역,상수역,명동에,상수역이,all_noisy_station_surface,last_train_check,test
강남력 에서 숙대입구역이 까지 막차 남았어,강남역,숙대입구역,강남력,숙대입구역이,all_noisy_station_surface,last_train_check,test
을지로입구역이 에서 서울력 까지 택시 말고 가는 방법 있어,을지로입구역,서울역,을지로입구역이,서울력,all_noisy_station_surface,alternative_route,test
강남 역 에서 숙대입구 역 까지 마지막 지하철 있어,강남역,숙대입구역,강남 역,숙대입구 역,all_noisy_station_surface,last_train_check,test
구파발 에서 문정 까지 가고 싶어요,구파발역,문정역,구파발,문정,all_noisy_station_surface,route_search,test
서울에 에서 숙대입구 역 까지 택시 말고 가는 방법 있어,서울역,숙대입구역,서울에,숙대입구 역,all_noisy_station_surface,alternative_route,test
지금 안국역이 에서 매봉 여기 까지 막차 탈 수 있어,안국역,매봉역,안국역이,매봉 여기,all_noisy_station_surface,last_train_check,test
서울 역 에서 숙대 입고 까지 지하철 운행 중이야,서울역,숙대입구역,서울 역,숙대 입고,all_noisy_station_surface,subway_availability_check,test
숙대입구약 에서 사울역 까지 지하철 없으면 버스로 갈 수 있어요,숙대입구역,서울역,숙대입구약,사울역,all_noisy_station_surface,alternative_route,test
홍제역이 에서 청량리력 까지 지하철 운행 중이야,홍제역,청량리역,홍제역이,청량리력,all_noisy_station_surface,subway_availability_check,test
오목교력 에서 마포구청 역 까지 막차 끊겼나요,오목교역,마포구청역,오목교력,마포구청 역,all_noisy_station_surface,last_train_check,test
서울에 까지 가야 하는데 사당역이 에서 어떻게 가요,사당역,서울역,사당역이,서울에,all_noisy_station_surface,route_search,test
홍대 이꾸역 에서 사당약 까지 택시 말고 가는 방법 있어,홍대입구역,사당역,홍대 이꾸역,사당약,all_noisy_station_surface,alternative_route,test
구로디지털단지 역 에서 압구정 역 까지 환승 적은 경로 알려줘,구로디지털단지역,압구정역,구로디지털단지 역,압구정 역,all_noisy_station_surface,route_search,test
둔촌동력 에서 교데 까지 마지막 지하철 있어,둔촌동역,교대역,둔촌동력,교데,all_noisy_station_surface,last_train_check,test
서울력 에서 출발해서 숙대 입구 까지 가고 싶어요,서울역,숙대입구역,서울력,숙대 입구,all_noisy_station_surface,route_search,test
강남 여기 에서 출발해서 숙대 입고 여기 까지 가고 싶어요,강남역,숙대입구역,강남 여기,숙대 입고 여기,all_noisy_station_surface,route_search,test
지금 을지로입구 에서 사울약 까지 막차 탈 수 있어,을지로입구역,서울역,을지로입구,사울약,all_noisy_station_surface,last_train_check,test
사당에 에서 사울역 까지 지하철 없으면 버스로 갈 수 있어요,사당역,서울역,사당에,사울역,all_noisy_station_surface,alternative_route,test
노량 진 에서 이촌에 까지 막차 끊겼으면 어떻게 가,노량진역,이촌역,노량 진,이촌에,all_noisy_station_surface,alternative_route,test
을지로입고역 방향 막차 사울역 에서 탈 수 있나요,서울역,을지로입구역,사울역,을지로입고역,all_noisy_station_surface,last_train_check,test
사당역이 방향 막차 시청 에서 탈 수 있나요,시청역,사당역,시청,사당역이,all_noisy_station_surface,last_train_check,test
성수 여기 에서 불광약 까지 지하철 운행 중이야,성수역,불광역,성수 여기,불광약,all_noisy_station_surface,subway_availability_check,test
강남 역 에서 숙대입구력 까지 마지막 지하철 있어,강남역,숙대입구역,강남 역,숙대입구력,all_noisy_station_surface,last_train_check,test
숙대 입국역 에서 충무로역이 까지 막차 끊겼나요,숙대입구역,충무로역,숙대 입국역,충무로역이,all_noisy_station_surface,last_train_check,test
마포구청 여기 에서 발산약 까지 환승 적은 경로 알려줘,마포구청역,발산역,마포구청 여기,발산약,all_noisy_station_surface,route_search,test
망원력 에서 용산에 까지 막차 끊겼나요,망원역,용산역,망원력,용산에,all_noisy_station_surface,last_train_check,test
건대입구역이 에서 발산에 까지 다른 방법 알려줘,건대입구역,발산역,건대입구역이,발산에,all_noisy_station_surface,alternative_route,test
까치산약 에서 오금 여기 까지 가고 싶어요,까치산역,오금역,까치산약,오금 여기,all_noisy_station_surface,route_search,test
지금 구로에 에서 마곡 여기 까지 막차 탈 수 있어,구로역,마곡역,구로에,마곡 여기,all_noisy_station_surface,last_train_check,test
녹번 에서 화곡력 까지 마지막 지하철 있어,녹번역,화곡역,녹번,화곡력,all_noisy_station_surface,last_train_check,test
이촌 출발 화곡력 도착 경로 알려줘,이촌역,화곡역,이촌,화곡력,all_noisy_station_surface,route_search,test
을지 로입구 에서 사울역 까지 택시 말고 가는 방법 있어,을지로입구역,서울역,을지 로입구,사울역,all_noisy_station_surface,alternative_route,test
한강진 여기 에서 출발해서 학여울약 까지 가고 싶어요,한강진역,학여울역,한강진 여기,학여울약,all_noisy_station_surface,route_search,test
대림 역 에서 천호에 까지 다른 방법 알려줘,대림역,천호역,대림 역,천호에,all_noisy_station_surface,alternative_route,test
혜화 역 까지 가야 하는데 화곡 여기 에서 어떻게 가요,화곡역,혜화역,화곡 여기,혜화 역,all_noisy_station_surface,route_search,test
수유 역 에서 올림픽공원 여기 까지 환승 적은 경로 알려줘,수유역,올림픽공원역,수유 역,올림픽공원 여기,all_noisy_station_surface,route_search,test
명동약 에서 잠실새내역이 까지 가는 길 알려줘,명동역,잠실새내역,명동약,잠실새내역이,all_noisy_station_surface,route_search,test
이대역이 부터 동대문력 까지 대중교통 알려줘,이대역,동대문역,이대역이,동대문력,all_noisy_station_surface,route_search,test
고속터미널에 출발 녹사평 여기 도착 경로 알려줘,고속터미널역,녹사평역,고속터미널에,녹사평 여기,all_noisy_station_surface,route_search,test
홍대입고역 에서 서울약 까지 마지막 지하철 있어,홍대입구역,서울역,홍대입고역,서울약,all_noisy_station_surface,last_train_check,test
한강진력 에서 홍제역이 까지 택시 말고 가는 방법 있어,한강진역,홍제역,한강진력,홍제역이,all_noisy_station_surface,alternative_route,test
여의도 역 에서 강동력 까지 마지막 지하철 있어,여의도역,강동역,여의도 역,강동력,all_noisy_station_surface,last_train_check,test
청량리력 에서 서울대 입구역 까지 제일 쉬운 길 알려줘,청량리역,서울대입구역,청량리력,서울대 입구역,all_noisy_station_surface,route_search,test
지금 구로 디지털단지역 에서 홍제 여기 까지 막차 탈 수 있어,구로디지털단지역,홍제역,구로 디지털단지역,홍제 여기,all_noisy_station_surface,last_train_check,test
미아사거리력 까지 가야 하는데 오금역이 에서 어떻게 가요,오금역,미아사거리역,오금역이,미아사거리력,all_noisy_station_surface,route_search,test
서울 역 까지 가야 하는데 사당 역 에서 어떻게 가요,사당역,서울역,사당 역,서울 역,all_noisy_station_surface,route_search,test
구로디지털단지력 에서 건대입구 역 까지 막차 끊겼나요,구로디지털단지역,건대입구역,구로디지털단지력,건대입구 역,all_noisy_station_surface,last_train_check,test
둔촌동력 에서 이대역이 까지 지하철 없으면 버스로 갈 수 있어요,둔촌동역,이대역,둔촌동력,이대역이,all_noisy_station_surface,alternative_route,test
교대 에서 개봉에 까지 제일 쉬운 길 알려줘,교대역,개봉역,교대,개봉에,all_noisy_station_surface,route_search,test
서울 여기 에서 숙대 입구 여기 까지 어떻게 가나요,서울역,숙대입구역,서울 여기,숙대 입구 여기,all_noisy_station_surface,route_search,test
지금 불광 여기 에서 녹사평에 까지 막차 탈 수 있어,불광역,녹사평역,불광 여기,녹사평에,all_noisy_station_surface,last_train_check,test
불광 여기 에서 안국 여기 까지 막차 끊겼으면 어떻게 가,불광역,안국역,불광 여기,안국 여기,all_noisy_station_surface,alternative_route,test
지금 영등포약 에서 대치약 까지 막차 탈 수 있어,영등포역,대치역,영등포약,대치약,all_noisy_station_surface,last_train_check,test
서울 여기 에서 을지로입구약 까지 지금 지하철 탈 수 있어,서울역,을지로입구역,서울 여기,을지로입구약,all_noisy_station_surface,subway_availability_check,test
화곡 역 에서 건대 입구 까지 다른 방법 알려줘,화곡역,건대입구역,화곡 역,건대 입구,all_noisy_station_surface,alternative_route,test
안국 역 에서 건대입구력 까지 제일 쉬운 길 알려줘,안국역,건대입구역,안국 역,건대입구력,all_noisy_station_surface,route_search,test
홍대입구역이 에서 사울역 까지 다른 방법 알려줘,홍대입구역,서울역,홍대입구역이,사울역,all_noisy_station_surface,alternative_route,test
개봉 역 부터 여의 도 까지 대중교통 알려줘,개봉역,여의도역,개봉 역,여의 도,all_noisy_station_surface,route_search,test
지금 연신내 여기 에서 가산디지털 여기 까지 막차 탈 수 있어,연신내역,가산디지털단지역,연신내 여기,가산디지털 여기,all_noisy_station_surface,last_train_check,test
광화 문 에서 구로디지털단지역이 까지 가는 길 알려줘,광화문역,구로디지털단지역,광화 문,구로디지털단지역이,all_noisy_station_surface,route_search,test
홍대 입구 에서 서울 여기 까지 택시 말고 가는 방법 있어,홍대입구역,서울역,홍대 입구,서울 여기,all_noisy_station_surface,alternative_route,test
을지로입구 여기 에서 서울약 까지 막차 끊겼으면 어떻게 가,을지로입구역,서울역,을지로입구 여기,서울약,all_noisy_station_surface,alternative_route,test
을지로입구 까지 가야 하는데 서울역이 에서 어떻게 가요,서울역,을지로입구역,서울역이,을지로입구,all_noisy_station_surface,route_search,test
사울약 에서 홍대입고 까지 마지막 지하철 있어,서울역,홍대입구역,사울약,홍대입고,all_noisy_station_surface,last_train_check,test
마곡 역 에서 수서에 까지 환승 적은 경로 알려줘,마곡역,수서역,마곡 역,수서에,all_noisy_station_surface,route_search,test
지금 사당에 에서 사울약 까지 막차 탈 수 있어,사당역,서울역,사당에,사울약,all_noisy_station_surface,last_train_check,test
석촌 여기 에서 월드컵경기장 역 까지 마지막 지하철 있어,석촌역,월드컵경기장역,석촌 여기,월드컵경기장 역,all_noisy_station_surface,last_train_check,test
동대문 역사문화 공원역 에서 문정역이 까지 다른 방법 알려줘,동대문역사문화공원역,문정역,동대문 역사문화 공원역,문정역이,all_noisy_station_surface,alternative_route,test
지금 매봉력 에서 송파력 까지 막차 탈 수 있어,매봉역,송파역,매봉력,송파력,all_noisy_station_surface,last_train_check,test
석촌 여기 까지 가야 하는데 오목교 에서 어떻게 가요,오목교역,석촌역,오목교,석촌 여기,all_noisy_station_surface,route_search,test
무악 재 까지 가야 하는데 이촌 에서 어떻게 가요,이촌역,무악재역,이촌,무악 재,all_noisy_station_surface,route_search,test
종합운동장 여기 방향 막차 한강진역이 에서 탈 수 있나요,한강진역,종합운동장역,한강진역이,종합운동장 여기,all_noisy_station_surface,last_train_check,test
압구정 부터 교데 까지 대중교통 알려줘,압구정역,교대역,압구정,교데,all_noisy_station_surface,route_search,test
서울역이 에서 홍대입국역 까지 지하철 없으면 버스로 갈 수 있어요,서울역,홍대입구역,서울역이,홍대입국역,all_noisy_station_surface,alternative_route,test
공덕 역 에서 수서 여기 까지 막차 남았어,공덕역,수서역,공덕 역,수서 여기,all_noisy_station_surface,last_train_check,test
이대약 에서 청량리 역 까지 환승 적은 경로 알려줘,이대역,청량리역,이대약,청량리 역,all_noisy_station_surface,route_search,test
신촌 에서 대림 역 까지 지하철 운행 중이야,신촌역,대림역,신촌,대림 역,all_noisy_station_surface,subway_availability_check,test
용산에 부터 우장산약 까지 대중교통 알려줘,용산역,우장산역,용산에,우장산약,all_noisy_station_surface,route_search,test
혜화역이 에서 우장산 역 까지 어떻게 가나요,혜화역,우장산역,혜화역이,우장산 역,all_noisy_station_surface,route_search,test
숙데입구 출발 서울에 도착 경로 알려줘,숙대입구역,서울역,숙데입구,서울에,all_noisy_station_surface,route_search,test
미아 사거리역 에서 천호 역 까지 지금 지하철 탈 수 있어,미아사거리역,천호역,미아 사거리역,천호 역,all_noisy_station_surface,subway_availability_check,test
을지로입구 여기 에서 서울 까지 막차 끊겼나요,을지로입구역,서울역,을지로입구 여기,서울,all_noisy_station_surface,last_train_check,test
올림픽공원 방향 막차 망원약 에서 탈 수 있나요,망원역,올림픽공원역,망원약,올림픽공원,all_noisy_station_surface,last_train_check,test
강남역이 까지 가야 하는데 도곡에 에서 어떻게 가요,도곡역,강남역,도곡에,강남역이,all_noisy_station_surface,route_search,test
안국역이 방향 막차 마포구청 에서 탈 수 있나요,마포구청역,안국역,마포구청,안국역이,all_noisy_station_surface,last_train_check,test
합정에 에서 서울데입구 까지 지하철 없으면 버스로 갈 수 있어요,합정역,서울대입구역,합정에,서울데입구,all_noisy_station_surface,alternative_route,test
숙대입고 에서 사울역 까지 제일 쉬운 길 알려줘,숙대입구역,서울역,숙대입고,사울역,all_noisy_station_surface,route_search,test
뚝섬력 까지 가야 하는데 혜화 에서 어떻게 가요,혜화역,뚝섬역,혜화,뚝섬력,all_noisy_station_surface,route_search,test
방이에 출발 망원력 도착 경로 알려줘,방이역,망원역,방이에,망원력,all_noisy_station_surface,route_search,test
목동 출발 신림역이 도착 경로 알려줘,목동역,신림역,목동,신림역이,all_noisy_station_surface,route_search,test
망원 에서 송파 여기 까지 가는 길 알려줘,망원역,송파역,망원,송파 여기,all_noisy_station_surface,route_search,test
홍제 역 에서 공덕력 까지 막차 남았어,홍제역,공덕역,홍제 역,공덕력,all_noisy_station_surface,last_train_check,test
숙데입구 에서 서월역 까지 어떻게 가나요,숙대입구역,서울역,숙데입구,서월역,all_noisy_station_surface,route_search,test
수서약 에서 아현 역 까지 어떻게 가나요,수서역,아현역,수서약,아현 역,all_noisy_station_surface,route_search,test
구로디지털단지역이 에서 노량진에 까지 지하철 운행 중이야,구로디지털단지역,노량진역,구로디지털단지역이,노량진에,all_noisy_station_surface,subway_availability_check,test
가산 디지털단지역 에서 마포구청역이 까지 지하철 없으면 버스로 갈 수 있어요,가산디지털단지역,마포구청역,가산 디지털단지역,마포구청역이,all_noisy_station_surface,alternative_route,test
숙대입구역이 에서 서울약 까지 지하철 없으면 버스로 갈 수 있어요,숙대입구역,서울역,숙대입구역이,서울약,all_noisy_station_surface,alternative_route,test
강변에 에서 망원 역 까지 제일 쉬운 길 알려줘,강변역,망원역,강변에,망원 역,all_noisy_station_surface,route_search,test
문정약 에서 동대문 문화공원역 까지 다른 방법 알려줘,문정역,동대문역사문화공원역,문정약,동대문 문화공원역,all_noisy_station_surface,alternative_route,test
대림약 에서 을지로입구약 까지 어떻게 가나요,대림역,을지로입구역,대림약,을지로입구약,all_noisy_station_surface,route_search,test
서울 에서 을지로입구에 까지 막차 끊겼으면 어떻게 가,서울역,을지로입구역,서울,을지로입구에,all_noisy_station_surface,alternative_route,test
을지로 입고 에서 서울 역 까지 가는 길 알려줘,을지로입구역,서울역,을지로 입고,서울 역,all_noisy_station_surface,route_search,test
안국 역 까지 가야 하는데 서을역 에서 어떻게 가요,서울역,안국역,서을역,안국 역,all_noisy_station_surface,route_search,test
잠실새내에 에서 녹사평력 까지 가고 싶어요,잠실새내역,녹사평역,잠실새내에,녹사평력,all_noisy_station_surface,route_search,test
숙대 입구 에서 당산역이 까지 지하철 운행 중이야,숙대입구역,당산역,숙대 입구,당산역이,all_noisy_station_surface,subway_availability_check,test
시청 여기 에서 숙대 입구 까지 지하철 없으면 버스로 갈 수 있어요,시청역,숙대입구역,시청 여기,숙대 입구,all_noisy_station_surface,alternative_route,test
청량리약 까지 가야 하는데 혜화 여기 에서 어떻게 가요,혜화역,청량리역,혜화 여기,청량리약,all_noisy_station_surface,route_search,test
장지역이 방향 막차 홍대입구력 에서 탈 수 있나요,홍대입구역,장지역,홍대입구력,장지역이,all_noisy_station_surface,last_train_check,test
사울약 에서 홍대입구 여기 까지 마지막 지하철 있어,서울역,홍대입구역,사울약,홍대입구 여기,all_noisy_station_surface,last_train_check,test
상봉약 방향 막차 영등포 여기 에서 탈 수 있나요,영등포역,상봉역,영등포 여기,상봉약,all_noisy_station_surface,last_train_check,test
홍대입구 여기 에서 서울 역 까지 가고 싶어요,홍대입구역,서울역,홍대입구 여기,서울 역,all_noisy_station_surface,route_search,test
시청에 에서 숙데입구 까지 막차 끊겼으면 어떻게 가,시청역,숙대입구역,시청에,숙데입구,all_noisy_station_surface,alternative_route,test
지금 아현 역 에서 회현 역 까지 막차 탈 수 있어,아현역,회현역,아현 역,회현 역,all_noisy_station_surface,last_train_check,test
서울 여기 에서 숙대 입고 여기 까지 지금 지하철 탈 수 있어,서울역,숙대입구역,서울 여기,숙대 입고 여기,all_noisy_station_surface,subway_availability_check,test
혜화 역 에서 우장산 까지 지하철 없으면 버스로 갈 수 있어요,혜화역,우장산역,혜화 역,우장산,all_noisy_station_surface,alternative_route,test
종합 운동장 에서 상수력 까지 막차 끊겼나요,종합운동장역,상수역,종합 운동장,상수력,all_noisy_station_surface,last_train_check,test
을지로 입고 방향 막차 서을역 에서 탈 수 있나요,서울역,을지로입구역,서을역,을지로 입고,all_noisy_station_surface,last_train_check,test
연신내역이 에서 송파역이 까지 지하철 없으면 버스로 갈 수 있어요,연신내역,송파역,연신내역이,송파역이,all_noisy_station_surface,alternative_route,test
송파 여기 에서 장지 여기 까지 막차 남았어,송파역,장지역,송파 여기,장지 여기,all_noisy_station_surface,last_train_check,test
홍대입구 역 에서 서울 까지 택시 말고 가는 방법 있어,홍대입구역,서울역,홍대입구 역,서울,all_noisy_station_surface,alternative_route,test
시청 부터 숙대 입구역 까지 대중교통 알려줘,시청역,숙대입구역,시청,숙대 입구역,all_noisy_station_surface,route_search,test
압구정로데오약 에서 상봉 역 까지 가고 싶어요,압구정로데오역,상봉역,압구정로데오약,상봉 역,all_noisy_station_surface,route_search,test
마곡력 출발 이촌 역 도착 경로 알려줘,마곡역,이촌역,마곡력,이촌 역,all_noisy_station_surface,route_search,test
노량진약 방향 막차 까치산 에서 탈 수 있나요,까치산역,노량진역,까치산,노량진약,all_noisy_station_surface,last_train_check,test
홍대 입구 에서 숙대입구역이 까지 환승 적은 경로 알려줘,홍대입구역,숙대입구역,홍대 입구,숙대입구역이,all_noisy_station_surface,route_search,test
신촌력 에서 김포공항에 까지 어떻게 가나요,신촌역,김포공항역,신촌력,김포공항에,all_noisy_station_surface,route_search,test
제기동약 에서 도곡역이 까지 막차 끊겼으면 어떻게 가,제기동역,도곡역,제기동약,도곡역이,all_noisy_station_surface,alternative_route,test
개봉 에서 당산 역 까지 다른 방법 알려줘,개봉역,당산역,개봉,당산 역,all_noisy_station_surface,alternative_route,test
신설동 여기 에서 학여울 역 까지 막차 끊겼으면 어떻게 가,신설동역,학여울역,신설동 여기,학여울 역,all_noisy_station_surface,alternative_route,test
제기동 에서 오금 여기 까지 지금 지하철 탈 수 있어,제기동역,오금역,제기동,오금 여기,all_noisy_station_surface,subway_availability_check,test
마포구청 에서 우장산에 까지 어떻게 가나요,마포구청역,우장산역,마포구청,우장산에,all_noisy_station_surface,route_search,test
서울력 에서 홍대 입구 여기 까지 가고 싶어요,서울역,홍대입구역,서울력,홍대 입구 여기,all_noisy_station_surface,route_search,test
송파력 출발 수유역이 도착 경로 알려줘,송파역,수유역,송파력,수유역이,all_noisy_station_surface,route_search,test
왕십리역이 에서 서울대입구역이 까지 마지막 지하철 있어,왕십리역,서울대입구역,왕십리역이,서울대입구역이,all_noisy_station_surface,last_train_check,test
숙대입구역이 에서 출발해서 서울 여기 까지 가고 싶어요,숙대입구역,서울역,숙대입구역이,서울 여기,all_noisy_station_surface,route_search,test
김포공항약 에서 삼성 여기 까지 어떻게 가나요,김포공항역,삼성역,김포공항약,삼성 여기,all_noisy_station_surface,route_search,test
석촌에 에서 숙대 입고 까지 막차 남았어,석촌역,숙대입구역,석촌에,숙대 입고,all_noisy_station_surface,last_train_check,test
홍대입구역이 출발 잠실에 도착 경로 알려줘,홍대입구역,잠실역,홍대입구역이,잠실에,all_noisy_station_surface,route_search,test
노량진에 에서 화곡 역 까지 마지막 지하철 있어,노량진역,화곡역,노량진에,화곡 역,all_noisy_station_surface,last_train_check,test
